"chrom","start","end","percent_methylation","methylated_reads","unmethylated_reads"
"phage_lambda",150,151,0,0,1
"phage_lambda",152,153,0,0,1
"phage_lambda",166,167,0,0,1
"phage_lambda",168,169,0,0,1
"phage_lambda",176,177,0,0,1
"phage_lambda",208,209,0,0,1
"phage_lambda",210,211,0,0,1
"phage_lambda",211,212,0,0,1
"phage_lambda",213,214,0,0,1
"phage_lambda",215,216,0,0,1
"phage_lambda",217,218,0,0,1
"phage_lambda",227,228,0,0,1
"phage_lambda",237,238,0,0,1
"phage_lambda",247,248,0,0,1
"phage_lambda",249,250,0,0,1
"phage_lambda",252,253,0,0,1
"phage_lambda",254,255,0,0,1
"phage_lambda",256,257,0,0,1
"phage_lambda",258,259,0,0,1
"phage_lambda",262,263,0,0,2
"phage_lambda",264,265,0,0,1
"phage_lambda",272,273,0,0,2
"phage_lambda",277,278,0,0,2
"phage_lambda",279,280,0,0,1
"phage_lambda",287,288,0,0,1
"phage_lambda",317,318,0,0,2
"phage_lambda",319,320,0,0,1
"phage_lambda",320,321,0,0,2
"phage_lambda",323,324,0,0,2
"phage_lambda",341,342,0,0,2
"phage_lambda",353,354,0,0,2
"phage_lambda",373,374,0,0,2
"phage_lambda",378,379,0,0,1
"phage_lambda",381,382,0,0,1
"phage_lambda",394,395,0,0,1
"phage_lambda",396,397,0,0,1
"phage_lambda",399,400,0,0,1
"phage_lambda",400,401,0,0,1
"phage_lambda",402,403,0,0,1
"phage_lambda",405,406,0,0,1
"phage_lambda",407,408,0,0,1
"phage_lambda",415,416,0,0,1
"phage_lambda",423,424,0,0,1
"phage_lambda",427,428,0,0,1
"phage_lambda",466,467,0,0,1
"phage_lambda",468,469,0,0,1
"phage_lambda",470,471,0,0,1
"phage_lambda",478,479,0,0,1
"phage_lambda",480,481,0,0,1
"phage_lambda",484,485,0,0,1
"phage_lambda",486,487,0,0,1
"phage_lambda",495,496,0,0,1
"phage_lambda",497,498,0,0,1
"phage_lambda",503,504,0,0,1
"phage_lambda",506,507,0,0,1
"phage_lambda",508,509,0,0,1
"phage_lambda",521,522,0,0,1
"phage_lambda",528,529,0,0,2
"phage_lambda",541,542,0,0,2
"phage_lambda",554,555,0,0,2
"phage_lambda",567,568,0,0,2
"phage_lambda",589,590,0,0,1
"phage_lambda",598,599,0,0,1
"phage_lambda",610,611,0,0,1
"phage_lambda",616,617,0,0,1
"phage_lambda",624,625,0,0,1
"phage_lambda",640,641,0,0,1
"phage_lambda",676,677,0,0,1
"phage_lambda",684,685,0,0,1
"phage_lambda",693,694,0,0,1
"phage_lambda",700,701,0,0,1
"phage_lambda",708,709,0,0,1
"phage_lambda",726,727,0,0,1
"phage_lambda",730,731,0,0,1
"phage_lambda",738,739,0,0,1
"phage_lambda",742,743,0,0,1
"phage_lambda",745,746,0,0,1
"phage_lambda",754,755,0,0,1
"phage_lambda",759,760,0,0,1
"phage_lambda",762,763,0,0,1
"phage_lambda",773,774,0,0,1
"phage_lambda",775,776,0,0,1
"phage_lambda",778,779,0,0,2
"phage_lambda",780,781,0,0,1
"phage_lambda",782,783,0,0,2
"phage_lambda",785,786,0,0,1
"phage_lambda",791,792,0,0,2
"phage_lambda",793,794,0,0,1
"phage_lambda",795,796,0,0,2
"phage_lambda",798,799,0,0,2
"phage_lambda",812,813,0,0,1
"phage_lambda",830,831,0,0,2
"phage_lambda",840,841,0,0,2
"phage_lambda",848,849,0,0,2
"phage_lambda",859,860,0,0,1
"phage_lambda",869,870,0,0,2
"phage_lambda",878,879,0,0,2
"phage_lambda",904,905,0,0,1
"phage_lambda",916,917,0,0,1
"phage_lambda",939,940,0,0,1
"phage_lambda",943,944,0,0,1
"phage_lambda",965,966,0,0,1
"phage_lambda",1701,1702,0,0,1
"phage_lambda",1716,1717,0,0,1
"phage_lambda",1723,1724,0,0,1
"phage_lambda",1737,1738,0,0,1
"phage_lambda",1760,1761,0,0,1
"phage_lambda",1794,1795,0,0,1
"phage_lambda",1829,1830,0,0,1
"phage_lambda",1835,1836,0,0,1
"phage_lambda",2936,2937,0,0,1
"phage_lambda",2942,2943,0,0,1
"phage_lambda",2974,2975,0,0,1
"phage_lambda",2976,2977,0,0,1
"phage_lambda",2979,2980,0,0,1
"phage_lambda",2981,2982,0,0,1
"phage_lambda",2996,2997,0,0,1
"phage_lambda",3008,3009,0,0,1
"phage_lambda",3013,3014,0,0,1
"phage_lambda",3015,3016,0,0,1
"phage_lambda",3021,3022,0,0,1
"phage_lambda",3023,3024,0,0,1
"phage_lambda",3037,3038,0,0,1
"phage_lambda",3043,3044,0,0,1
"phage_lambda",3057,3058,0,0,1
"phage_lambda",3059,3060,0,0,1
"phage_lambda",3060,3061,0,0,1
"phage_lambda",3062,3063,0,0,1
"phage_lambda",3066,3067,0,0,1
"phage_lambda",3068,3069,0,0,1
"phage_lambda",3082,3083,0,0,1
"phage_lambda",3092,3093,0,0,1
"phage_lambda",3095,3096,0,0,1
"phage_lambda",3098,3099,0,0,1
"phage_lambda",3100,3101,0,0,1
"phage_lambda",3113,3114,0,0,1
"phage_lambda",3115,3116,0,0,1
"phage_lambda",3123,3124,0,0,1
"phage_lambda",3125,3126,0,0,1
"phage_lambda",3133,3134,0,0,1
"phage_lambda",3146,3147,0,0,1
"phage_lambda",3158,3159,0,0,1
"phage_lambda",3385,3386,0,0,1
"phage_lambda",3391,3392,0,0,1
"phage_lambda",3395,3396,0,0,1
"phage_lambda",3400,3401,0,0,1
"phage_lambda",3409,3410,0,0,1
"phage_lambda",3416,3417,0,0,1
"phage_lambda",3427,3428,0,0,1
"phage_lambda",3430,3431,0,0,1
"phage_lambda",3435,3436,0,0,1
"phage_lambda",3440,3441,0,0,1
"phage_lambda",3454,3455,0,0,1
"phage_lambda",3463,3464,0,0,1
"phage_lambda",3471,3472,0,0,1
"phage_lambda",3475,3476,0,0,1
"phage_lambda",3485,3486,0,0,1
"phage_lambda",3517,3518,0,0,1
"phage_lambda",3574,3575,0,0,1
"phage_lambda",3592,3593,0,0,1
"phage_lambda",3605,3606,0,0,1
"phage_lambda",3626,3627,0,0,1
"phage_lambda",3629,3630,0,0,1
"phage_lambda",3638,3639,0,0,1
"phage_lambda",3641,3642,0,0,1
"phage_lambda",3644,3645,0,0,1
"phage_lambda",3692,3693,0,0,1
"phage_lambda",3701,3702,0,0,1
"phage_lambda",3705,3706,0,0,1
"phage_lambda",3889,3890,0,0,1
"phage_lambda",3900,3901,0,0,1
"phage_lambda",3906,3907,0,0,1
"phage_lambda",3909,3910,0,0,1
"phage_lambda",3922,3923,0,0,1
"phage_lambda",3925,3926,0,0,1
"phage_lambda",3930,3931,0,0,1
"phage_lambda",3948,3949,0,0,1
"phage_lambda",3956,3957,0,0,1
"phage_lambda",3969,3970,0,0,1
"phage_lambda",4704,4705,0,0,1
"phage_lambda",4710,4711,0,0,1
"phage_lambda",4713,4714,0,0,1
"phage_lambda",4723,4724,0,0,1
"phage_lambda",4733,4734,0,0,1
"phage_lambda",4742,4743,0,0,1
"phage_lambda",4758,4759,0,0,1
"phage_lambda",4764,4765,0,0,1
"phage_lambda",4768,4769,0,0,1
"phage_lambda",4772,4773,0,0,1
"phage_lambda",4790,4791,0,0,1
"phage_lambda",4797,4798,0,0,1
"phage_lambda",4817,4818,0,0,1
"phage_lambda",4820,4821,0,0,1
"phage_lambda",4831,4832,0,0,1
"phage_lambda",4844,4845,0,0,1
"phage_lambda",4879,4880,0,0,1
"phage_lambda",4908,4909,0,0,1
"phage_lambda",4910,4911,0,0,1
"phage_lambda",4911,4912,0,0,1
"phage_lambda",4913,4914,0,0,1
"phage_lambda",4916,4917,0,0,1
"phage_lambda",4918,4919,0,0,1
"phage_lambda",4921,4922,0,0,1
"phage_lambda",4923,4924,0,0,1
"phage_lambda",4932,4933,0,0,1
"phage_lambda",4934,4935,0,0,1
"phage_lambda",4937,4938,0,0,1
"phage_lambda",4944,4945,0,0,1
"phage_lambda",4947,4948,0,0,1
"phage_lambda",4953,4954,0,0,1
"phage_lambda",4962,4963,0,0,1
"phage_lambda",4971,4972,0,0,1
"phage_lambda",4975,4976,0,0,1
"phage_lambda",4985,4986,0,0,1
"phage_lambda",5003,5004,0,0,1
"phage_lambda",5012,5013,0,0,1
"phage_lambda",5017,5018,0,0,1
"phage_lambda",5022,5023,0,0,1
"phage_lambda",5031,5032,0,0,1
"phage_lambda",5049,5050,0,0,1
"phage_lambda",5142,5143,0,0,1
"phage_lambda",5146,5147,0,0,1
"phage_lambda",5148,5149,0,0,1
"phage_lambda",5158,5159,0,0,1
"phage_lambda",5160,5161,0,0,1
"phage_lambda",5170,5171,0,0,1
"phage_lambda",5177,5178,0,0,1
"phage_lambda",5180,5181,0,0,1
"phage_lambda",5182,5183,0,0,1
"phage_lambda",5184,5185,0,0,1
"phage_lambda",5186,5187,0,0,1
"phage_lambda",5191,5192,0,0,1
"phage_lambda",5193,5194,0,0,1
"phage_lambda",5200,5201,0,0,1
"phage_lambda",5202,5203,0,0,1
"phage_lambda",5207,5208,0,0,1
"phage_lambda",5213,5214,0,0,1
"phage_lambda",5215,5216,0,0,1
"phage_lambda",5216,5217,0,0,1
"phage_lambda",5218,5219,0,0,1
"phage_lambda",5223,5224,0,0,1
"phage_lambda",5225,5226,0,0,1
"phage_lambda",5228,5229,100,1,0
"phage_lambda",5232,5233,0,0,1
"phage_lambda",5249,5250,0,0,2
"phage_lambda",5253,5254,0,0,2
"phage_lambda",5257,5258,0,0,2
"phage_lambda",5273,5274,0,0,2
"phage_lambda",5307,5308,0,0,2
"phage_lambda",5332,5333,0,0,1
"phage_lambda",6430,6431,0,0,1
"phage_lambda",6436,6437,0,0,1
"phage_lambda",6440,6441,0,0,1
"phage_lambda",6446,6447,0,0,1
"phage_lambda",7340,7341,0,0,1
"phage_lambda",7343,7344,100,1,0
"phage_lambda",7348,7349,100,1,0
"phage_lambda",7362,7363,0,0,1
"phage_lambda",7365,7366,100,1,0
"phage_lambda",7378,7379,100,1,0
"phage_lambda",7382,7383,100,1,0
"phage_lambda",7406,7407,0,0,1
"phage_lambda",7411,7412,0,0,1
"phage_lambda",7414,7415,0,0,1
"phage_lambda",7421,7422,0,0,1
"phage_lambda",7429,7430,0,0,1
"phage_lambda",7439,7440,0,0,1
"phage_lambda",7444,7445,0,0,1
"phage_lambda",7462,7463,0,0,1
"phage_lambda",7471,7472,0,0,1
"phage_lambda",7478,7479,0,0,1
"phage_lambda",7508,7509,0,0,2
"phage_lambda",7522,7523,0,0,2
"phage_lambda",7525,7526,0,0,2
"phage_lambda",7547,7548,0,0,2
"phage_lambda",7550,7551,0,0,2
"phage_lambda",7559,7560,0,0,2
"phage_lambda",7562,7563,0,0,2
"phage_lambda",7571,7572,50,1,1
"phage_lambda",7582,7583,0,0,1
"phage_lambda",7587,7588,0,0,1
"phage_lambda",7609,7610,0,0,1
"phage_lambda",7615,7616,0,0,1
"phage_lambda",7629,7630,0,0,1
"phage_lambda",9216,9217,0,0,1
"phage_lambda",9224,9225,0,0,1
"phage_lambda",9230,9231,0,0,1
"phage_lambda",9233,9234,0,0,1
"phage_lambda",9239,9240,0,0,1
"phage_lambda",9242,9243,0,0,1
"phage_lambda",9268,9269,0,0,1
"phage_lambda",9283,9284,0,0,1
"phage_lambda",9290,9291,0,0,1
"phage_lambda",9313,9314,0,0,1
"phage_lambda",9319,9320,0,0,1
"phage_lambda",9325,9326,0,0,1
"phage_lambda",9328,9329,0,0,1
"phage_lambda",9367,9368,0,0,1
"phage_lambda",9398,9399,0,0,1
"phage_lambda",9408,9409,0,0,1
"phage_lambda",9418,9419,100,1,0
"phage_lambda",9429,9430,100,1,0
"phage_lambda",9438,9439,0,0,1
"phage_lambda",9447,9448,0,0,1
"phage_lambda",9456,9457,0,0,1
"phage_lambda",9460,9461,0,0,1
"phage_lambda",9482,9483,0,0,1
"phage_lambda",9494,9495,0,0,1
"phage_lambda",9498,9499,0,0,1
"phage_lambda",9509,9510,0,0,1
"phage_lambda",9617,9618,0,0,1
"phage_lambda",9635,9636,0,0,1
"phage_lambda",9645,9646,0,0,1
"phage_lambda",9662,9663,0,0,1
"phage_lambda",9665,9666,0,0,1
"phage_lambda",9671,9672,0,0,1
"phage_lambda",9690,9691,0,0,1
"phage_lambda",9699,9700,0,0,1
"phage_lambda",9707,9708,0,0,1
"phage_lambda",9718,9719,0,0,1
"phage_lambda",9744,9745,0,0,1
"phage_lambda",9764,9765,0,0,1
"phage_lambda",9769,9770,0,0,1
"phage_lambda",9773,9774,0,0,1
"phage_lambda",9778,9779,0,0,1
"phage_lambda",9781,9782,0,0,1
"phage_lambda",9802,9803,0,0,1
"phage_lambda",9811,9812,0,0,1
"phage_lambda",9814,9815,0,0,1
"phage_lambda",9818,9819,0,0,1
"phage_lambda",9823,9824,0,0,1
"phage_lambda",9827,9828,0,0,1
"phage_lambda",9833,9834,0,0,1
"phage_lambda",9837,9838,0,0,1
"phage_lambda",9844,9845,0,0,1
"phage_lambda",9854,9855,0,0,1
"phage_lambda",9870,9871,100,1,0
"phage_lambda",9876,9877,0,0,1
"phage_lambda",9886,9887,100,1,0
"phage_lambda",9901,9902,0,0,1
"phage_lambda",10425,10426,0,0,1
"phage_lambda",10435,10436,0,0,1
"phage_lambda",10457,10458,0,0,1
"phage_lambda",10465,10466,0,0,1
"phage_lambda",10468,10469,0,0,1
"phage_lambda",10477,10478,0,0,1
"phage_lambda",10486,10487,0,0,1
"phage_lambda",10501,10502,0,0,1
"phage_lambda",10503,10504,0,0,1
"phage_lambda",10508,10509,0,0,1
"phage_lambda",10510,10511,0,0,1
"phage_lambda",10514,10515,0,0,1
"phage_lambda",10516,10517,0,0,1
"phage_lambda",10526,10527,0,0,1
"phage_lambda",10528,10529,0,0,1
"phage_lambda",10536,10537,0,0,1
"phage_lambda",10539,10540,0,0,1
"phage_lambda",10545,10546,0,0,1
"phage_lambda",10547,10548,0,0,1
"phage_lambda",10550,10551,0,0,1
"phage_lambda",10553,10554,0,0,1
"phage_lambda",10562,10563,0,0,1
"phage_lambda",10564,10565,0,0,1
"phage_lambda",10580,10581,0,0,1
"phage_lambda",10582,10583,0,0,1
"phage_lambda",10589,10590,0,0,1
"phage_lambda",10593,10594,0,0,1
"phage_lambda",10606,10607,0,0,1
"phage_lambda",10614,10615,0,0,1
"phage_lambda",10620,10621,0,0,1
"phage_lambda",10634,10635,0,0,1
"phage_lambda",10640,10641,0,0,1
"phage_lambda",11312,11313,0,0,1
"phage_lambda",11318,11319,0,0,1
"phage_lambda",11325,11326,0,0,1
"phage_lambda",11337,11338,0,0,1
"phage_lambda",11348,11349,0,0,1
"phage_lambda",11364,11365,100,1,0
"phage_lambda",11387,11388,0,0,1
"phage_lambda",11392,11393,0,0,1
"phage_lambda",11395,11396,0,0,1
"phage_lambda",11399,11400,0,0,1
"phage_lambda",11420,11421,0,0,1
"phage_lambda",11428,11429,0,0,1
"phage_lambda",11433,11434,0,0,1
"phage_lambda",11437,11438,0,0,1
"phage_lambda",11442,11443,100,1,0
"phage_lambda",11449,11450,0,0,1
"phage_lambda",11474,11475,0,0,1
"phage_lambda",11477,11478,0,0,1
"phage_lambda",11479,11480,0,0,1
"phage_lambda",11493,11494,0,0,1
"phage_lambda",11495,11496,0,0,1
"phage_lambda",11499,11500,0,0,1
"phage_lambda",11504,11505,0,0,1
"phage_lambda",11506,11507,0,0,1
"phage_lambda",11513,11514,0,0,1
"phage_lambda",11515,11516,0,0,1
"phage_lambda",11523,11524,0,0,1
"phage_lambda",11525,11526,0,0,1
"phage_lambda",11529,11530,0,0,1
"phage_lambda",11531,11532,0,0,1
"phage_lambda",11544,11545,0,0,1
"phage_lambda",11546,11547,0,0,1
"phage_lambda",11554,11555,0,0,1
"phage_lambda",11556,11557,0,0,1
"phage_lambda",11561,11562,0,0,1
"phage_lambda",11563,11564,0,0,1
"phage_lambda",11663,11664,0,0,1
"phage_lambda",11668,11669,0,0,1
"phage_lambda",11671,11672,0,0,1
"phage_lambda",11678,11679,0,0,1
"phage_lambda",11680,11681,0,0,1
"phage_lambda",11693,11694,0,0,1
"phage_lambda",11695,11696,0,0,1
"phage_lambda",11696,11697,0,0,1
"phage_lambda",11698,11699,0,0,1
"phage_lambda",11699,11700,0,0,1
"phage_lambda",11701,11702,0,0,1
"phage_lambda",11709,11710,0,0,1
"phage_lambda",11722,11723,0,0,1
"phage_lambda",11723,11724,0,0,1
"phage_lambda",11725,11726,0,0,1
"phage_lambda",11733,11734,0,0,1
"phage_lambda",11744,11745,0,0,1
"phage_lambda",11746,11747,0,0,1
"phage_lambda",11761,11762,0,0,1
"phage_lambda",11762,11763,0,0,1
"phage_lambda",11764,11765,0,0,1
"phage_lambda",11765,11766,0,0,1
"phage_lambda",11767,11768,0,0,1
"phage_lambda",11771,11772,0,0,1
"phage_lambda",11774,11775,0,0,1
"phage_lambda",11776,11777,0,0,1
"phage_lambda",11787,11788,0,0,1
"phage_lambda",11791,11792,0,0,1
"phage_lambda",11795,11796,0,0,1
"phage_lambda",11797,11798,0,0,1
"phage_lambda",11804,11805,0,0,1
"phage_lambda",11806,11807,0,0,1
"phage_lambda",11816,11817,100,1,0
"phage_lambda",11818,11819,0,0,1
"phage_lambda",11826,11827,0,0,1
"phage_lambda",11834,11835,0,0,1
"phage_lambda",11836,11837,0,0,1
"phage_lambda",11839,11840,0,0,1
"phage_lambda",12161,12162,0,0,1
"phage_lambda",12164,12165,0,0,1
"phage_lambda",12168,12169,0,0,1
"phage_lambda",12194,12195,0,0,1
"phage_lambda",12203,12204,0,0,1
"phage_lambda",12212,12213,0,0,1
"phage_lambda",12218,12219,0,0,1
"phage_lambda",12221,12222,0,0,1
"phage_lambda",12239,12240,0,0,1
"phage_lambda",12410,12411,0,0,1
"phage_lambda",12424,12425,0,0,1
"phage_lambda",12432,12433,0,0,1
"phage_lambda",12437,12438,0,0,1
"phage_lambda",12444,12445,0,0,1
"phage_lambda",12448,12449,0,0,1
"phage_lambda",12478,12479,0,0,1
"phage_lambda",12488,12489,0,0,1
"phage_lambda",12501,12502,0,0,1
"phage_lambda",12509,12510,0,0,1
"phage_lambda",12530,12531,0,0,1
"phage_lambda",12565,12566,0,0,1
"phage_lambda",12568,12569,100,1,0
"phage_lambda",12570,12571,0,0,1
"phage_lambda",12574,12575,100,1,0
"phage_lambda",12576,12577,0,0,1
"phage_lambda",12583,12584,100,1,0
"phage_lambda",12588,12589,100,1,0
"phage_lambda",12593,12594,100,1,0
"phage_lambda",12595,12596,0,0,1
"phage_lambda",12606,12607,0,0,1
"phage_lambda",12608,12609,0,0,1
"phage_lambda",12614,12615,0,0,1
"phage_lambda",12616,12617,0,0,1
"phage_lambda",12623,12624,0,0,1
"phage_lambda",12625,12626,0,0,1
"phage_lambda",12645,12646,0,0,1
"phage_lambda",12654,12655,0,0,1
"phage_lambda",12655,12656,0,0,1
"phage_lambda",12657,12658,0,0,1
"phage_lambda",12669,12670,0,0,1
"phage_lambda",12672,12673,0,0,1
"phage_lambda",12674,12675,0,0,1
"phage_lambda",12684,12685,0,0,1
"phage_lambda",12690,12691,0,0,1
"phage_lambda",12696,12697,0,0,1
"phage_lambda",12698,12699,0,0,1
"phage_lambda",12702,12703,0,0,1
"phage_lambda",12707,12708,0,0,1
"phage_lambda",12715,12716,0,0,1
"phage_lambda",12722,12723,0,0,1
"phage_lambda",12725,12726,0,0,1
"phage_lambda",12747,12748,0,0,1
"phage_lambda",12758,12759,0,0,1
"phage_lambda",12765,12766,0,0,1
"phage_lambda",12768,12769,0,0,1
"phage_lambda",12782,12783,0,0,1
"phage_lambda",13664,13665,0,0,1
"phage_lambda",13668,13669,0,0,1
"phage_lambda",13679,13680,0,0,1
"phage_lambda",13684,13685,0,0,1
"phage_lambda",13696,13697,0,0,1
"phage_lambda",13704,13705,0,0,1
"phage_lambda",13715,13716,0,0,1
"phage_lambda",13721,13722,0,0,1
"phage_lambda",13726,13727,0,0,1
"phage_lambda",13729,13730,0,0,1
"phage_lambda",13734,13735,0,0,1
"phage_lambda",13742,13743,0,0,1
"phage_lambda",14069,14070,0,0,1
"phage_lambda",14121,14122,0,0,1
"phage_lambda",14138,14139,0,0,1
"phage_lambda",14142,14143,0,0,1
"phage_lambda",14148,14149,0,0,1
"phage_lambda",14156,14157,0,0,1
"phage_lambda",14167,14168,0,0,1
"phage_lambda",14181,14182,0,0,1
"phage_lambda",14250,14251,0,0,1
"phage_lambda",14258,14259,0,0,1
"phage_lambda",14271,14272,0,0,1
"phage_lambda",14281,14282,0,0,1
"phage_lambda",14289,14290,0,0,1
"phage_lambda",14293,14294,0,0,1
"phage_lambda",14296,14297,0,0,1
"phage_lambda",14300,14301,0,0,1
"phage_lambda",14308,14309,0,0,1
"phage_lambda",14326,14327,0,0,1
"phage_lambda",14334,14335,0,0,1
"phage_lambda",14342,14343,0,0,1
"phage_lambda",14350,14351,0,0,1
"phage_lambda",14355,14356,0,0,1
"phage_lambda",14359,14360,0,0,1
"phage_lambda",14369,14370,0,0,1
"phage_lambda",14373,14374,100,1,0
"phage_lambda",14380,14381,0,0,1
"phage_lambda",14382,14383,0,0,1
"phage_lambda",14383,14384,0,0,1
"phage_lambda",14385,14386,0,0,1
"phage_lambda",14389,14390,100,1,0
"phage_lambda",14391,14392,0,0,1
"phage_lambda",14412,14413,0,0,1
"phage_lambda",14417,14418,0,0,1
"phage_lambda",14421,14422,0,0,1
"phage_lambda",14444,14445,0,0,1
"phage_lambda",14527,14528,0,0,1
"phage_lambda",14542,14543,0,0,1
"phage_lambda",14562,14563,0,0,1
"phage_lambda",14564,14565,0,0,1
"phage_lambda",14576,14577,0,0,1
"phage_lambda",14578,14579,0,0,1
"phage_lambda",14580,14581,0,0,1
"phage_lambda",14590,14591,0,0,1
"phage_lambda",14592,14593,0,0,1
"phage_lambda",14599,14600,0,0,1
"phage_lambda",14601,14602,0,0,1
"phage_lambda",14611,14612,0,0,1
"phage_lambda",14614,14615,0,0,1
"phage_lambda",14616,14617,0,0,1
"phage_lambda",14620,14621,0,0,1
"phage_lambda",14622,14623,0,0,1
"phage_lambda",14626,14627,0,0,1
"phage_lambda",14633,14634,0,0,1
"phage_lambda",14635,14636,50,1,1
"phage_lambda",14638,14639,50,1,1
"phage_lambda",14641,14642,0,0,1
"phage_lambda",14643,14644,0,0,2
"phage_lambda",14644,14645,0,0,1
"phage_lambda",14647,14648,0,0,2
"phage_lambda",14656,14657,0,0,1
"phage_lambda",14658,14659,0,0,2
"phage_lambda",14659,14660,0,0,1
"phage_lambda",14661,14662,0,0,2
"phage_lambda",14664,14665,0,0,1
"phage_lambda",14666,14667,0,0,2
"phage_lambda",14678,14679,0,0,1
"phage_lambda",14680,14681,0,0,2
"phage_lambda",14683,14684,0,0,1
"phage_lambda",14693,14694,0,0,1
"phage_lambda",14705,14706,0,0,2
"phage_lambda",14708,14709,0,0,2
"phage_lambda",14714,14715,0,0,2
"phage_lambda",14721,14722,0,0,2
"phage_lambda",14724,14725,0,0,2
"phage_lambda",14737,14738,0,0,1
"phage_lambda",14745,14746,0,0,1
"phage_lambda",14805,14806,0,0,1
"phage_lambda",14822,14823,0,0,1
"phage_lambda",14855,14856,0,0,1
"phage_lambda",14880,14881,0,0,1
"phage_lambda",14884,14885,0,0,1
"phage_lambda",14886,14887,0,0,1
"phage_lambda",14894,14895,0,0,1
"phage_lambda",14897,14898,0,0,1
"phage_lambda",14901,14902,0,0,1
"phage_lambda",14903,14904,0,0,1
"phage_lambda",14910,14911,0,0,1
"phage_lambda",14912,14913,0,0,1
"phage_lambda",14916,14917,0,0,1
"phage_lambda",14919,14920,0,0,1
"phage_lambda",14928,14929,0,0,1
"phage_lambda",14930,14931,0,0,1
"phage_lambda",14934,14935,0,0,1
"phage_lambda",14936,14937,0,0,1
"phage_lambda",14944,14945,0,0,1
"phage_lambda",14945,14946,0,0,1
"phage_lambda",14947,14948,0,0,1
"phage_lambda",14954,14955,0,0,1
"phage_lambda",14960,14961,0,0,1
"phage_lambda",14968,14969,0,0,1
"phage_lambda",14972,14973,0,0,1
"phage_lambda",14980,14981,0,0,1
"phage_lambda",14989,14990,0,0,1
"phage_lambda",14997,14998,0,0,1
"phage_lambda",15002,15003,0,0,1
"phage_lambda",15326,15327,0,0,1
"phage_lambda",15338,15339,0,0,1
"phage_lambda",15342,15343,0,0,1
"phage_lambda",15347,15348,0,0,1
"phage_lambda",15352,15353,0,0,1
"phage_lambda",15386,15387,0,0,2
"phage_lambda",15394,15395,0,0,2
"phage_lambda",15399,15400,0,0,2
"phage_lambda",15402,15403,0,0,2
"phage_lambda",15415,15416,0,0,2
"phage_lambda",15422,15423,0,0,2
"phage_lambda",15442,15443,0,0,1
"phage_lambda",15469,15470,0,0,1
"phage_lambda",15471,15472,0,0,1
"phage_lambda",15474,15475,100,1,0
"phage_lambda",15478,15479,100,1,0
"phage_lambda",15518,15519,0,0,1
"phage_lambda",15520,15521,0,0,1
"phage_lambda",15534,15535,0,0,1
"phage_lambda",15555,15556,0,0,1
"phage_lambda",15567,15568,0,0,1
"phage_lambda",15573,15574,0,0,1
"phage_lambda",15593,15594,0,0,1
"phage_lambda",15603,15604,0,0,1
"phage_lambda",15615,15616,0,0,1
"phage_lambda",15639,15640,0,0,1
"phage_lambda",15642,15643,0,0,1
"phage_lambda",15647,15648,0,0,1
"phage_lambda",15654,15655,0,0,1
"phage_lambda",15660,15661,0,0,1
"phage_lambda",15726,15727,0,0,1
"phage_lambda",15732,15733,0,0,1
"phage_lambda",15735,15736,0,0,1
"phage_lambda",15754,15755,0,0,1
"phage_lambda",15760,15761,0,0,1
"phage_lambda",15771,15772,0,0,1
"phage_lambda",15798,15799,0,0,1
"phage_lambda",15806,15807,0,0,1
"phage_lambda",15820,15821,0,0,1
"phage_lambda",15833,15834,0,0,1
"phage_lambda",16131,16132,0,0,1
"phage_lambda",16140,16141,0,0,2
"phage_lambda",16152,16153,0,0,2
"phage_lambda",16164,16165,0,0,2
"phage_lambda",16179,16180,0,0,2
"phage_lambda",16187,16188,0,0,2
"phage_lambda",16191,16192,0,0,2
"phage_lambda",16194,16195,0,0,2
"phage_lambda",16202,16203,0,0,2
"phage_lambda",16215,16216,0,0,2
"phage_lambda",16230,16231,0,0,2
"phage_lambda",16233,16234,0,0,2
"phage_lambda",16239,16240,0,0,1
"phage_lambda",16254,16255,0,0,1
"phage_lambda",16257,16258,0,0,1
"phage_lambda",16271,16272,0,0,1
"phage_lambda",16322,16323,0,0,1
"phage_lambda",16329,16330,0,0,1
"phage_lambda",16341,16342,0,0,1
"phage_lambda",16350,16351,0,0,1
"phage_lambda",16404,16405,0,0,1
"phage_lambda",16419,16420,0,0,1
"phage_lambda",16431,16432,0,0,1
"phage_lambda",16435,16436,0,0,1
"phage_lambda",16464,16465,0,0,1
"phage_lambda",16520,16521,0,0,1
"phage_lambda",16529,16530,0,0,1
"phage_lambda",16544,16545,0,0,1
"phage_lambda",16551,16552,0,0,1
"phage_lambda",16566,16567,0,0,1
"phage_lambda",16572,16573,0,0,1
"phage_lambda",16584,16585,0,0,1
"phage_lambda",16589,16590,0,0,1
"phage_lambda",16593,16594,0,0,1
"phage_lambda",16619,16620,0,0,1
"phage_lambda",16622,16623,0,0,1
"phage_lambda",16638,16639,0,0,1
"phage_lambda",16653,16654,0,0,1
"phage_lambda",16658,16659,0,0,1
"phage_lambda",16664,16665,0,0,1
"phage_lambda",16670,16671,0,0,1
"phage_lambda",16677,16678,0,0,1
"phage_lambda",16685,16686,0,0,1
"phage_lambda",16696,16697,0,0,1
"phage_lambda",16709,16710,0,0,1
"phage_lambda",16719,16720,0,0,1
"phage_lambda",16730,16731,0,0,1
"phage_lambda",16744,16745,0,0,2
"phage_lambda",16764,16765,0,0,2
"phage_lambda",16775,16776,0,0,1
"phage_lambda",16814,16815,0,0,1
"phage_lambda",16820,16821,0,0,1
"phage_lambda",16823,16824,0,0,1
"phage_lambda",16830,16831,0,0,1
"phage_lambda",16838,16839,0,0,1
"phage_lambda",16843,16844,0,0,1
"phage_lambda",16848,16849,0,0,1
"phage_lambda",16854,16855,0,0,1
"phage_lambda",16864,16865,0,0,1
"phage_lambda",16869,16870,0,0,1
"phage_lambda",16872,16873,0,0,1
"phage_lambda",16881,16882,0,0,1
"phage_lambda",16885,16886,0,0,1
"phage_lambda",16895,16896,0,0,1
"phage_lambda",16906,16907,0,0,1
"phage_lambda",16963,16964,0,0,1
"phage_lambda",16970,16971,0,0,1
"phage_lambda",16975,16976,0,0,1
"phage_lambda",16989,16990,0,0,1
"phage_lambda",17000,17001,0,0,1
"phage_lambda",17004,17005,0,0,1
"phage_lambda",17009,17010,0,0,1
"phage_lambda",17016,17017,0,0,1
"phage_lambda",17027,17028,0,0,1
"phage_lambda",17040,17041,0,0,1
"phage_lambda",17050,17051,0,0,1
"phage_lambda",17056,17057,0,0,1
"phage_lambda",17061,17062,0,0,1
"phage_lambda",17070,17071,0,0,1
"phage_lambda",17091,17092,0,0,1
"phage_lambda",17096,17097,0,0,1
"phage_lambda",17109,17110,0,0,1
"phage_lambda",17113,17114,0,0,1
"phage_lambda",17119,17120,0,0,1
"phage_lambda",17144,17145,0,0,1
"phage_lambda",17152,17153,0,0,1
"phage_lambda",17164,17165,0,0,1
"phage_lambda",17171,17172,0,0,1
"phage_lambda",17280,17281,0,0,1
"phage_lambda",17328,17329,0,0,1
"phage_lambda",17355,17356,0,0,1
"phage_lambda",17359,17360,0,0,1
"phage_lambda",17367,17368,0,0,1
"phage_lambda",17373,17374,0,0,1
"phage_lambda",17377,17378,0,0,1
"phage_lambda",17380,17381,0,0,1
"phage_lambda",17389,17390,0,0,1
"phage_lambda",17392,17393,0,0,1
"phage_lambda",17396,17397,0,0,1
"phage_lambda",17409,17410,0,0,1
"phage_lambda",17415,17416,0,0,1
"phage_lambda",17433,17434,100,1,0
"phage_lambda",17946,17947,0,0,1
"phage_lambda",17971,17972,0,0,1
"phage_lambda",17994,17995,0,0,1
"phage_lambda",17997,17998,0,0,1
"phage_lambda",18012,18013,0,0,1
"phage_lambda",18029,18030,0,0,1
"phage_lambda",18032,18033,0,0,1
"phage_lambda",18036,18037,0,0,1
"phage_lambda",18068,18069,0,0,1
"phage_lambda",18391,18392,0,0,1
"phage_lambda",18397,18398,0,0,1
"phage_lambda",18415,18416,0,0,1
"phage_lambda",18424,18425,0,0,1
"phage_lambda",18441,18442,0,0,1
"phage_lambda",18448,18449,0,0,1
"phage_lambda",18460,18461,0,0,1
"phage_lambda",18467,18468,0,0,1
"phage_lambda",18474,18475,0,0,1
"phage_lambda",18487,18488,0,0,1
"phage_lambda",18504,18505,0,0,1
"phage_lambda",18513,18514,0,0,1
"phage_lambda",18527,18528,0,0,1
"phage_lambda",18538,18539,0,0,1
"phage_lambda",18547,18548,0,0,1
"phage_lambda",18555,18556,0,0,1
"phage_lambda",18567,18568,0,0,1
"phage_lambda",19319,19320,0,0,1
"phage_lambda",19334,19335,0,0,1
"phage_lambda",19337,19338,0,0,1
"phage_lambda",19347,19348,0,0,1
"phage_lambda",19349,19350,0,0,1
"phage_lambda",19353,19354,0,0,1
"phage_lambda",19358,19359,0,0,1
"phage_lambda",19361,19362,0,0,1
"phage_lambda",19362,19363,0,0,1
"phage_lambda",19364,19365,0,0,1
"phage_lambda",19377,19378,0,0,1
"phage_lambda",19387,19388,0,0,1
"phage_lambda",19397,19398,0,0,1
"phage_lambda",19400,19401,0,0,1
"phage_lambda",19421,19422,100,1,0
"phage_lambda",19423,19424,0,0,1
"phage_lambda",19425,19426,0,0,1
"phage_lambda",19427,19428,0,0,1
"phage_lambda",19446,19447,0,0,1
"phage_lambda",19454,19455,0,0,1
"phage_lambda",19456,19457,0,0,1
"phage_lambda",19469,19470,0,0,1
"phage_lambda",19471,19472,0,0,1
"phage_lambda",19477,19478,0,0,1
"phage_lambda",19479,19480,0,0,1
"phage_lambda",19486,19487,0,0,1
"phage_lambda",19489,19490,0,0,1
"phage_lambda",19490,19491,0,0,1
"phage_lambda",19492,19493,0,0,1
"phage_lambda",19496,19497,0,0,1
"phage_lambda",19526,19527,0,0,1
"phage_lambda",19530,19531,0,0,1
"phage_lambda",19539,19540,100,1,0
"phage_lambda",19547,19548,0,0,1
"phage_lambda",19581,19582,0,0,1
"phage_lambda",19590,19591,0,0,1
"phage_lambda",19599,19600,0,0,1
"phage_lambda",20421,20422,0,0,1
"phage_lambda",20429,20430,0,0,1
"phage_lambda",20438,20439,0,0,1
"phage_lambda",20444,20445,0,0,1
"phage_lambda",20447,20448,0,0,1
"phage_lambda",20450,20451,0,0,1
"phage_lambda",20459,20460,0,0,1
"phage_lambda",20463,20464,0,0,1
"phage_lambda",20468,20469,0,0,1
"phage_lambda",20493,20494,0,0,1
"phage_lambda",20501,20502,0,0,1
"phage_lambda",20507,20508,0,0,1
"phage_lambda",20510,20511,0,0,1
"phage_lambda",20513,20514,0,0,1
"phage_lambda",20518,20519,0,0,1
"phage_lambda",21365,21366,0,0,1
"phage_lambda",21378,21379,0,0,1
"phage_lambda",21398,21399,0,0,1
"phage_lambda",21402,21403,0,0,2
"phage_lambda",21413,21414,0,0,2
"phage_lambda",21424,21425,0,0,2
"phage_lambda",21430,21431,0,0,2
"phage_lambda",21456,21457,0,0,3
"phage_lambda",21462,21463,0,0,3
"phage_lambda",21470,21471,0,0,3
"phage_lambda",21527,21528,25,1,3
"phage_lambda",21531,21532,0,0,4
"phage_lambda",21582,21583,0,0,5
"phage_lambda",21586,21587,0,0,5
"phage_lambda",21599,21600,0,0,5
"phage_lambda",21605,21606,0,0,6
"phage_lambda",21645,21646,0,0,4
"phage_lambda",21650,21651,0,0,3
"phage_lambda",21654,21655,0,0,3
"phage_lambda",21661,21662,0,0,3
"phage_lambda",21671,21672,0,0,3
"phage_lambda",21683,21684,0,0,3
"phage_lambda",21698,21699,0,0,2
"phage_lambda",21711,21712,0,0,2
"phage_lambda",21718,21719,0,0,2
"phage_lambda",21747,21748,0,0,2
"phage_lambda",21751,21752,0,0,1
"phage_lambda",21756,21757,0,0,1
"phage_lambda",21762,21763,0,0,1
"phage_lambda",21782,21783,0,0,2
"phage_lambda",21785,21786,0,0,2
"phage_lambda",21794,21795,0,0,2
"phage_lambda",21812,21813,0,0,2
"phage_lambda",21832,21833,0,0,2
"phage_lambda",21838,21839,0,0,2
"phage_lambda",21870,21871,0,0,2
"phage_lambda",21899,21900,0,0,2
"phage_lambda",21908,21909,0,0,1
"phage_lambda",21929,21930,0,0,1
"phage_lambda",22081,22082,0,0,1
"phage_lambda",22085,22086,0,0,1
"phage_lambda",22089,22090,0,0,1
"phage_lambda",22096,22097,0,0,1
"phage_lambda",22116,22117,0,0,1
"phage_lambda",22125,22126,0,0,1
"phage_lambda",22128,22129,0,0,1
"phage_lambda",22140,22141,100,1,0
"phage_lambda",22150,22151,100,1,0
"phage_lambda",22187,22188,0,0,2
"phage_lambda",22216,22217,0,0,2
"phage_lambda",22236,22237,0,0,2
"phage_lambda",22243,22244,0,0,2
"phage_lambda",22267,22268,0,0,1
"phage_lambda",22278,22279,0,0,1
"phage_lambda",22292,22293,0,0,1
"phage_lambda",22303,22304,0,0,1
"phage_lambda",22308,22309,0,0,1
"phage_lambda",22312,22313,0,0,1
"phage_lambda",22326,22327,0,0,1
"phage_lambda",22332,22333,0,0,1
"phage_lambda",22340,22341,0,0,1
"phage_lambda",22346,22347,0,0,1
"phage_lambda",22352,22353,0,0,1
"phage_lambda",22359,22360,0,0,1
"phage_lambda",22377,22378,0,0,1
"phage_lambda",22379,22380,0,0,1
"phage_lambda",22383,22384,0,0,1
"phage_lambda",22385,22386,0,0,1
"phage_lambda",22391,22392,0,0,1
"phage_lambda",22393,22394,0,0,2
"phage_lambda",22407,22408,0,0,1
"phage_lambda",22413,22414,0,0,1
"phage_lambda",22415,22416,0,0,2
"phage_lambda",22420,22421,0,0,1
"phage_lambda",22422,22423,0,0,2
"phage_lambda",22423,22424,0,0,1
"phage_lambda",22425,22426,0,0,2
"phage_lambda",22428,22429,0,0,1
"phage_lambda",22430,22431,0,0,2
"phage_lambda",22461,22462,0,0,1
"phage_lambda",22463,22464,0,0,1
"phage_lambda",22469,22470,0,0,1
"phage_lambda",22471,22472,0,0,1
"phage_lambda",22484,22485,0,0,1
"phage_lambda",22491,22492,0,0,1
"phage_lambda",22496,22497,0,0,1
"phage_lambda",22513,22514,0,0,1
"phage_lambda",22519,22520,0,0,1
"phage_lambda",22534,22535,0,0,1
"phage_lambda",22537,22538,0,0,1
"phage_lambda",22543,22544,0,0,1
"phage_lambda",22572,22573,0,0,1
"phage_lambda",22575,22576,0,0,1
"phage_lambda",22600,22601,0,0,1
"phage_lambda",22602,22603,0,0,1
"phage_lambda",22605,22606,0,0,1
"phage_lambda",22628,22629,0,0,1
"phage_lambda",22659,22660,0,0,1
"phage_lambda",22661,22662,0,0,1
"phage_lambda",22710,22711,0,0,1
"phage_lambda",22729,22730,0,0,1
"phage_lambda",22731,22732,0,0,1
"phage_lambda",22768,22769,0,0,1
"phage_lambda",22770,22771,0,0,2
"phage_lambda",22771,22772,0,0,1
"phage_lambda",22773,22774,0,0,2
"phage_lambda",22792,22793,50,1,1
"phage_lambda",22868,22869,0,0,1
"phage_lambda",22870,22871,0,0,1
"phage_lambda",22932,22933,0,0,1
"phage_lambda",22934,22935,0,0,1
"phage_lambda",22945,22946,0,0,1
"phage_lambda",22947,22948,0,0,1
"phage_lambda",22986,22987,0,0,1
"phage_lambda",22990,22991,0,0,1
"phage_lambda",22993,22994,0,0,1
"phage_lambda",23020,23021,0,0,1
"phage_lambda",23103,23104,0,0,1
"phage_lambda",23125,23126,0,0,1
"phage_lambda",23137,23138,0,0,1
"phage_lambda",23158,23159,0,0,1
"phage_lambda",23189,23190,0,0,1
"phage_lambda",23215,23216,0,0,2
"phage_lambda",23303,23304,0,0,1
"phage_lambda",23390,23391,0,0,1
"phage_lambda",23393,23394,0,0,1
"phage_lambda",23405,23406,0,0,1
"phage_lambda",23475,23476,0,0,1
"phage_lambda",23790,23791,0,0,1
"phage_lambda",23799,23800,0,0,1
"phage_lambda",23838,23839,0,0,1
"phage_lambda",23953,23954,0,0,1
"phage_lambda",23955,23956,0,0,1
"phage_lambda",23982,23983,0,0,1
"phage_lambda",23984,23985,0,0,1
"phage_lambda",23992,23993,0,0,1
"phage_lambda",24037,24038,0,0,1
"phage_lambda",24424,24425,0,0,1
"phage_lambda",24439,24440,0,0,1
"phage_lambda",24776,24777,0,0,1
"phage_lambda",24790,24791,0,0,1
"phage_lambda",24797,24798,0,0,1
"phage_lambda",24804,24805,0,0,1
"phage_lambda",24824,24825,0,0,1
"phage_lambda",24834,24835,0,0,1
"phage_lambda",24842,24843,0,0,1
"phage_lambda",25329,25330,0,0,1
"phage_lambda",25379,25380,0,0,1
"phage_lambda",25419,25420,0,0,2
"phage_lambda",25444,25445,50,1,1
"phage_lambda",25466,25467,0,0,2
"phage_lambda",25507,25508,0,0,2
"phage_lambda",25516,25517,0,0,2
"phage_lambda",25520,25521,0,0,2
"phage_lambda",25543,25544,0,0,2
"phage_lambda",25793,25794,0,0,1
"phage_lambda",25874,25875,0,0,1
"phage_lambda",25876,25877,0,0,1
"phage_lambda",25892,25893,0,0,1
"phage_lambda",25901,25902,0,0,1
"phage_lambda",25952,25953,0,0,2
"phage_lambda",25995,25996,0,0,2
"phage_lambda",26055,26056,0,0,2
"phage_lambda",26098,26099,0,0,2
"phage_lambda",26115,26116,0,0,2
"phage_lambda",26143,26144,0,0,1
"phage_lambda",26145,26146,0,0,1
"phage_lambda",26147,26148,0,0,1
"phage_lambda",26149,26150,0,0,1
"phage_lambda",26189,26190,0,0,1
"phage_lambda",26191,26192,0,0,1
"phage_lambda",26195,26196,0,0,1
"phage_lambda",26197,26198,0,0,1
"phage_lambda",26243,26244,0,0,1
"phage_lambda",26245,26246,0,0,1
"phage_lambda",26305,26306,0,0,1
"phage_lambda",26329,26330,0,0,1
"phage_lambda",26640,26641,0,0,1
"phage_lambda",26686,26687,0,0,1
"phage_lambda",26735,26736,0,0,1
"phage_lambda",26746,26747,0,0,1
"phage_lambda",26854,26855,0,0,1
"phage_lambda",27026,27027,0,0,1
"phage_lambda",27097,27098,0,0,1
"phage_lambda",27581,27582,0,0,1
"phage_lambda",27583,27584,0,0,1
"phage_lambda",27587,27588,0,0,1
"phage_lambda",27589,27590,0,0,1
"phage_lambda",27626,27627,0,0,1
"phage_lambda",27628,27629,0,0,1
"phage_lambda",27645,27646,0,0,1
"phage_lambda",27647,27648,0,0,1
"phage_lambda",27659,27660,0,0,1
"phage_lambda",27661,27662,0,0,1
"phage_lambda",27721,27722,0,0,1
"phage_lambda",27783,27784,0,0,2
"phage_lambda",27794,27795,0,0,2
"phage_lambda",27796,27797,0,0,1
"phage_lambda",27839,27840,0,0,3
"phage_lambda",27845,27846,0,0,3
"phage_lambda",27859,27860,0,0,3
"phage_lambda",27876,27877,0,0,3
"phage_lambda",27887,27888,0,0,3
"phage_lambda",27919,27920,0,0,2
"phage_lambda",27939,27940,0,0,2
"phage_lambda",27947,27948,0,0,2
"phage_lambda",27993,27994,0,0,1
"phage_lambda",28029,28030,0,0,1
"phage_lambda",28031,28032,0,0,2
"phage_lambda",28034,28035,0,0,1
"phage_lambda",28037,28038,0,0,2
"phage_lambda",28047,28048,0,0,2
"phage_lambda",28215,28216,0,0,1
"phage_lambda",28253,28254,0,0,2
"phage_lambda",28263,28264,0,0,2
"phage_lambda",28267,28268,0,0,2
"phage_lambda",28283,28284,0,0,2
"phage_lambda",28305,28306,0,0,2
"phage_lambda",28308,28309,0,0,2
"phage_lambda",28324,28325,0,0,2
"phage_lambda",28335,28336,0,0,1
"phage_lambda",28338,28339,0,0,1
"phage_lambda",28362,28363,0,0,1
"phage_lambda",28383,28384,100,1,0
"phage_lambda",28413,28414,100,1,0
"phage_lambda",28441,28442,100,1,0
"phage_lambda",28451,28452,100,1,0
"phage_lambda",28464,28465,100,1,0
"phage_lambda",28470,28471,100,1,0
"phage_lambda",28506,28507,100,1,0
"phage_lambda",28545,28546,100,1,0
"phage_lambda",28547,28548,0,0,1
"phage_lambda",28549,28550,100,1,0
"phage_lambda",28551,28552,0,0,1
"phage_lambda",28600,28601,0,0,1
"phage_lambda",28602,28603,0,0,1
"phage_lambda",28613,28614,0,0,1
"phage_lambda",28615,28616,0,0,1
"phage_lambda",28616,28617,0,0,1
"phage_lambda",28618,28619,0,0,1
"phage_lambda",28621,28622,0,0,1
"phage_lambda",28623,28624,0,0,1
"phage_lambda",28664,28665,0,0,1
"phage_lambda",28673,28674,0,0,1
"phage_lambda",28675,28676,0,0,1
"phage_lambda",28686,28687,0,0,1
"phage_lambda",28688,28689,0,0,1
"phage_lambda",28690,28691,0,0,1
"phage_lambda",28692,28693,0,0,1
"phage_lambda",28710,28711,0,0,1
"phage_lambda",28732,28733,0,0,1
"phage_lambda",28743,28744,0,0,1
"phage_lambda",28760,28761,0,0,1
"phage_lambda",28766,28767,0,0,1
"phage_lambda",28788,28789,0,0,1
"phage_lambda",28802,28803,0,0,1
"phage_lambda",29044,29045,0,0,1
"phage_lambda",29062,29063,0,0,1
"phage_lambda",29120,29121,100,1,0
"phage_lambda",29124,29125,100,1,0
"phage_lambda",29140,29141,0,0,1
"phage_lambda",29169,29170,0,0,1
"phage_lambda",29182,29183,0,0,1
"phage_lambda",29198,29199,0,0,2
"phage_lambda",29210,29211,50,1,1
"phage_lambda",29240,29241,0,0,2
"phage_lambda",29268,29269,0,0,2
"phage_lambda",29276,29277,0,0,2
"phage_lambda",29325,29326,0,0,1
"phage_lambda",29446,29447,0,0,1
"phage_lambda",29452,29453,0,0,1
"phage_lambda",29472,29473,0,0,1
"phage_lambda",29525,29526,0,0,1
"phage_lambda",29572,29573,0,0,1
"phage_lambda",29574,29575,0,0,2
"phage_lambda",29590,29591,0,0,1
"phage_lambda",29593,29594,0,0,2
"phage_lambda",29596,29597,0,0,1
"phage_lambda",29598,29599,0,0,1
"phage_lambda",29630,29631,0,0,1
"phage_lambda",29632,29633,0,0,1
"phage_lambda",29684,29685,0,0,1
"phage_lambda",29686,29687,0,0,1
"phage_lambda",29694,29695,0,0,1
"phage_lambda",29698,29699,0,0,1
"phage_lambda",29700,29701,0,0,1
"phage_lambda",29720,29721,0,0,1
"phage_lambda",29722,29723,0,0,1
"phage_lambda",29739,29740,0,0,1
"phage_lambda",29755,29756,50,1,1
"phage_lambda",29763,29764,0,0,1
"phage_lambda",29765,29766,0,0,2
"phage_lambda",29772,29773,0,0,1
"phage_lambda",29774,29775,0,0,2
"phage_lambda",29778,29779,0,0,1
"phage_lambda",29780,29781,0,0,2
"phage_lambda",29787,29788,0,0,1
"phage_lambda",29789,29790,0,0,2
"phage_lambda",29808,29809,0,0,1
"phage_lambda",29810,29811,0,0,2
"phage_lambda",29840,29841,0,0,1
"phage_lambda",29869,29870,0,0,1
"phage_lambda",29871,29872,0,0,1
"phage_lambda",29875,29876,0,0,1
"phage_lambda",29877,29878,0,0,1
"phage_lambda",29890,29891,0,0,1
"phage_lambda",29899,29900,0,0,1
"phage_lambda",29901,29902,0,0,1
"phage_lambda",29906,29907,0,0,1
"phage_lambda",29908,29909,0,0,1
"phage_lambda",29928,29929,0,0,1
"phage_lambda",29984,29985,0,0,2
"phage_lambda",29987,29988,0,0,2
"phage_lambda",29990,29991,0,0,2
"phage_lambda",30002,30003,0,0,2
"phage_lambda",30010,30011,0,0,2
"phage_lambda",30015,30016,0,0,2
"phage_lambda",30028,30029,0,0,2
"phage_lambda",30040,30041,0,0,2
"phage_lambda",30062,30063,0,0,3
"phage_lambda",30069,30070,0,0,3
"phage_lambda",30095,30096,0,0,2
"phage_lambda",30121,30122,0,0,1
"phage_lambda",30149,30150,0,0,1
"phage_lambda",30172,30173,0,0,2
"phage_lambda",30174,30175,0,0,1
"phage_lambda",30191,30192,0,0,3
"phage_lambda",30193,30194,0,0,1
"phage_lambda",30202,30203,0,0,2
"phage_lambda",30204,30205,0,0,1
"phage_lambda",30227,30228,0,0,2
"phage_lambda",30229,30230,0,0,1
"phage_lambda",30236,30237,0,0,1
"phage_lambda",30251,30252,0,0,3
"phage_lambda",30253,30254,0,0,1
"phage_lambda",30263,30264,0,0,3
"phage_lambda",30272,30273,0,0,3
"phage_lambda",30274,30275,0,0,1
"phage_lambda",30275,30276,0,0,3
"phage_lambda",30277,30278,0,0,1
"phage_lambda",30281,30282,0,0,3
"phage_lambda",30283,30284,0,0,1
"phage_lambda",30319,30320,0,0,2
"phage_lambda",30321,30322,0,0,1
"phage_lambda",30333,30334,0,0,1
"phage_lambda",30350,30351,0,0,1
"phage_lambda",30352,30353,0,0,1
"phage_lambda",30355,30356,0,0,1
"phage_lambda",30357,30358,0,0,1
"phage_lambda",30358,30359,50,1,1
"phage_lambda",30368,30369,0,0,2
"phage_lambda",30370,30371,0,0,1
"phage_lambda",30374,30375,0,0,2
"phage_lambda",30376,30377,0,0,1
"phage_lambda",30406,30407,0,0,1
"phage_lambda",30408,30409,0,0,1
"phage_lambda",30413,30414,0,0,1
"phage_lambda",30415,30416,0,0,1
"phage_lambda",30424,30425,0,0,1
"phage_lambda",30426,30427,0,0,1
"phage_lambda",30433,30434,0,0,1
"phage_lambda",30435,30436,0,0,1
"phage_lambda",30451,30452,0,0,1
"phage_lambda",30460,30461,0,0,1
"phage_lambda",30462,30463,0,0,1
"phage_lambda",30469,30470,0,0,1
"phage_lambda",30471,30472,0,0,1
"phage_lambda",30492,30493,0,0,1
"phage_lambda",30519,30520,0,0,1
"phage_lambda",30529,30530,0,0,1
"phage_lambda",30538,30539,0,0,1
"phage_lambda",30558,30559,0,0,1
"phage_lambda",30568,30569,0,0,1
"phage_lambda",30742,30743,0,0,1
"phage_lambda",30750,30751,0,0,1
"phage_lambda",30780,30781,0,0,1
"phage_lambda",30788,30789,0,0,1
"phage_lambda",30807,30808,0,0,1
"phage_lambda",30842,30843,0,0,1
"phage_lambda",30849,30850,0,0,1
"phage_lambda",30852,30853,0,0,1
"phage_lambda",30856,30857,0,0,1
"phage_lambda",30873,30874,0,0,1
"phage_lambda",30946,30947,0,0,1
"phage_lambda",30961,30962,0,0,1
"phage_lambda",30963,30964,0,0,1
"phage_lambda",30974,30975,0,0,1
"phage_lambda",30977,30978,0,0,1
"phage_lambda",30979,30980,0,0,1
"phage_lambda",30981,30982,0,0,1
"phage_lambda",30983,30984,0,0,1
"phage_lambda",30995,30996,0,0,1
"phage_lambda",31010,31011,0,0,1
"phage_lambda",31012,31013,0,0,1
"phage_lambda",31024,31025,0,0,1
"phage_lambda",31026,31027,0,0,1
"phage_lambda",31030,31031,0,0,1
"phage_lambda",31032,31033,0,0,1
"phage_lambda",31052,31053,0,0,1
"phage_lambda",31054,31055,0,0,1
"phage_lambda",31074,31075,0,0,1
"phage_lambda",31096,31097,0,0,1
"phage_lambda",31098,31099,0,0,1
"phage_lambda",31107,31108,0,0,1
"phage_lambda",31124,31125,0,0,2
"phage_lambda",31179,31180,0,0,2
"phage_lambda",31199,31200,0,0,1
"phage_lambda",31226,31227,0,0,1
"phage_lambda",31230,31231,0,0,1
"phage_lambda",31236,31237,0,0,1
"phage_lambda",31245,31246,0,0,1
"phage_lambda",31255,31256,0,0,2
"phage_lambda",31262,31263,0,0,2
"phage_lambda",31271,31272,0,0,1
"phage_lambda",31282,31283,0,0,1
"phage_lambda",31298,31299,0,0,1
"phage_lambda",31327,31328,0,0,1
"phage_lambda",31384,31385,50,1,1
"phage_lambda",31388,31389,50,1,1
"phage_lambda",31418,31419,50,1,1
"phage_lambda",31478,31479,0,0,1
"phage_lambda",31499,31500,0,0,1
"phage_lambda",31521,31522,0,0,1
"phage_lambda",31620,31621,0,0,1
"phage_lambda",31631,31632,0,0,1
"phage_lambda",31640,31641,0,0,1
"phage_lambda",31662,31663,0,0,1
"phage_lambda",31675,31676,0,0,1
"phage_lambda",31683,31684,0,0,1
"phage_lambda",31687,31688,0,0,1
"phage_lambda",31718,31719,0,0,1
"phage_lambda",31726,31727,0,0,1
"phage_lambda",31741,31742,0,0,1
"phage_lambda",31757,31758,0,0,1
"phage_lambda",31764,31765,0,0,1
"phage_lambda",31781,31782,0,0,1
"phage_lambda",31791,31792,0,0,1
"phage_lambda",31796,31797,0,0,1
"phage_lambda",31817,31818,0,0,1
"phage_lambda",31828,31829,0,0,1
"phage_lambda",31840,31841,0,0,1
"phage_lambda",31847,31848,0,0,1
"phage_lambda",31876,31877,0,0,1
"phage_lambda",32132,32133,0,0,1
"phage_lambda",32134,32135,0,0,1
"phage_lambda",32139,32140,100,1,0
"phage_lambda",32141,32142,0,0,1
"phage_lambda",32146,32147,0,0,1
"phage_lambda",32176,32177,0,0,1
"phage_lambda",32185,32186,0,0,1
"phage_lambda",32188,32189,0,0,1
"phage_lambda",32203,32204,0,0,1
"phage_lambda",32224,32225,0,0,1
"phage_lambda",32242,32243,0,0,1
"phage_lambda",32245,32246,0,0,1
"phage_lambda",32253,32254,0,0,1
"phage_lambda",32256,32257,0,0,1
"phage_lambda",32265,32266,0,0,1
"phage_lambda",32286,32287,0,0,1
"phage_lambda",32310,32311,0,0,1
"phage_lambda",32326,32327,0,0,1
"phage_lambda",32330,32331,0,0,1
"phage_lambda",32338,32339,0,0,1
"phage_lambda",32429,32430,0,0,1
"phage_lambda",32432,32433,0,0,1
"phage_lambda",32451,32452,0,0,1
"phage_lambda",32459,32460,0,0,1
"phage_lambda",32464,32465,0,0,1
"phage_lambda",32474,32475,0,0,1
"phage_lambda",32483,32484,0,0,1
"phage_lambda",32492,32493,0,0,1
"phage_lambda",32501,32502,0,0,1
"phage_lambda",32515,32516,0,0,1
"phage_lambda",32539,32540,0,0,1
"phage_lambda",32542,32543,0,0,1
"phage_lambda",32567,32568,0,0,1
"phage_lambda",32587,32588,0,0,1
"phage_lambda",32602,32603,0,0,1
"phage_lambda",32610,32611,0,0,1
"phage_lambda",32638,32639,0,0,1
"phage_lambda",32653,32654,0,0,1
"phage_lambda",32668,32669,0,0,1
"phage_lambda",32683,32684,0,0,1
"phage_lambda",32693,32694,0,0,1
"phage_lambda",32716,32717,0,0,1
"phage_lambda",32869,32870,0,0,1
"phage_lambda",32872,32873,100,1,0
"phage_lambda",32880,32881,0,0,1
"phage_lambda",32882,32883,100,1,0
"phage_lambda",32893,32894,0,0,1
"phage_lambda",32895,32896,100,1,0
"phage_lambda",32923,32924,100,1,0
"phage_lambda",32941,32942,100,1,0
"phage_lambda",32985,32986,100,1,0
"phage_lambda",32991,32992,100,1,0
"phage_lambda",32997,32998,50,1,1
"phage_lambda",33017,33018,50,1,1
"phage_lambda",33021,33022,50,1,1
"phage_lambda",33026,33027,0,0,1
"phage_lambda",33043,33044,0,0,1
"phage_lambda",33051,33052,0,0,1
"phage_lambda",33054,33055,0,0,1
"phage_lambda",33070,33071,0,0,1
"phage_lambda",33075,33076,0,0,1
"phage_lambda",33712,33713,0,0,1
"phage_lambda",33727,33728,0,0,1
"phage_lambda",33741,33742,0,0,1
"phage_lambda",33753,33754,0,0,1
"phage_lambda",33758,33759,0,0,1
"phage_lambda",33780,33781,0,0,1
"phage_lambda",33786,33787,0,0,1
"phage_lambda",33791,33792,0,0,1
"phage_lambda",33805,33806,0,0,1
"phage_lambda",33822,33823,0,0,1
"phage_lambda",33987,33988,0,0,1
"phage_lambda",34041,34042,0,0,1
"phage_lambda",34046,34047,0,0,2
"phage_lambda",34057,34058,0,0,2
"phage_lambda",34089,34090,0,0,2
"phage_lambda",34093,34094,0,0,2
"phage_lambda",34106,34107,0,0,2
"phage_lambda",34122,34123,0,0,2
"phage_lambda",34183,34184,0,0,2
"phage_lambda",34198,34199,0,0,1
"phage_lambda",34223,34224,0,0,1
"phage_lambda",34290,34291,0,0,1
"phage_lambda",34299,34300,0,0,1
"phage_lambda",34320,34321,0,0,1
"phage_lambda",34518,34519,0,0,1
"phage_lambda",34528,34529,0,0,1
"phage_lambda",34530,34531,0,0,1
"phage_lambda",34541,34542,0,0,1
"phage_lambda",34543,34544,0,0,1
"phage_lambda",34570,34571,0,0,2
"phage_lambda",34572,34573,0,0,1
"phage_lambda",34583,34584,0,0,2
"phage_lambda",34585,34586,0,0,1
"phage_lambda",34596,34597,0,0,2
"phage_lambda",34598,34599,0,0,1
"phage_lambda",34603,34604,0,0,2
"phage_lambda",34605,34606,0,0,1
"phage_lambda",34608,34609,0,0,2
"phage_lambda",34610,34611,0,0,1
"phage_lambda",34704,34705,0,0,2
"phage_lambda",34714,34715,0,0,2
"phage_lambda",34720,34721,0,0,2
"phage_lambda",34779,34780,0,0,2
"phage_lambda",34797,34798,0,0,1
"phage_lambda",34824,34825,0,0,1
"phage_lambda",35071,35072,0,0,1
"phage_lambda",35081,35082,0,0,1
"phage_lambda",35103,35104,0,0,1
"phage_lambda",35109,35110,0,0,1
"phage_lambda",35111,35112,0,0,1
"phage_lambda",35123,35124,0,0,1
"phage_lambda",35125,35126,0,0,1
"phage_lambda",35147,35148,0,0,1
"phage_lambda",35162,35163,0,0,1
"phage_lambda",35176,35177,0,0,1
"phage_lambda",35180,35181,0,0,1
"phage_lambda",35185,35186,0,0,1
"phage_lambda",35240,35241,0,0,1
"phage_lambda",35263,35264,0,0,1
"phage_lambda",35288,35289,0,0,1
"phage_lambda",35290,35291,0,0,1
"phage_lambda",35299,35300,0,0,1
"phage_lambda",35301,35302,0,0,1
"phage_lambda",35315,35316,0,0,1
"phage_lambda",35317,35318,0,0,1
"phage_lambda",35325,35326,0,0,1
"phage_lambda",35339,35340,0,0,1
"phage_lambda",35342,35343,0,0,1
"phage_lambda",35362,35363,0,0,1
"phage_lambda",35372,35373,0,0,1
"phage_lambda",35376,35377,0,0,1
"phage_lambda",35399,35400,0,0,1
"phage_lambda",35408,35409,0,0,1
"phage_lambda",35410,35411,0,0,1
"phage_lambda",35423,35424,0,0,1
"phage_lambda",35441,35442,0,0,1
"phage_lambda",35449,35450,0,0,1
"phage_lambda",35466,35467,0,0,1
"phage_lambda",35504,35505,0,0,1
"phage_lambda",35506,35507,0,0,1
"phage_lambda",35516,35517,0,0,1
"phage_lambda",35518,35519,0,0,1
"phage_lambda",35529,35530,0,0,1
"phage_lambda",35815,35816,0,0,1
"phage_lambda",35822,35823,0,0,1
"phage_lambda",35839,35840,0,0,1
"phage_lambda",35891,35892,0,0,1
"phage_lambda",35938,35939,0,0,1
"phage_lambda",35959,35960,0,0,1
"phage_lambda",36315,36316,0,0,1
"phage_lambda",36359,36360,100,1,0
"phage_lambda",36368,36369,0,0,1
"phage_lambda",36387,36388,0,0,1
"phage_lambda",36395,36396,0,0,1
"phage_lambda",36413,36414,0,0,1
"phage_lambda",36428,36429,0,0,1
"phage_lambda",36443,36444,0,0,1
"phage_lambda",36621,36622,0,0,1
"phage_lambda",36645,36646,0,0,1
"phage_lambda",36656,36657,0,0,1
"phage_lambda",36703,36704,0,0,1
"phage_lambda",36715,36716,0,0,1
"phage_lambda",36731,36732,0,0,1
"phage_lambda",36752,36753,0,0,1
"phage_lambda",36765,36766,0,0,1
"phage_lambda",36769,36770,0,0,1
"phage_lambda",36788,36789,0,0,1
"phage_lambda",36795,36796,0,0,1
"phage_lambda",36864,36865,0,0,1
"phage_lambda",36872,36873,0,0,1
"phage_lambda",36891,36892,0,0,1
"phage_lambda",37041,37042,0,0,1
"phage_lambda",37045,37046,0,0,1
"phage_lambda",37082,37083,100,1,0
"phage_lambda",37141,37142,0,0,1
"phage_lambda",37195,37196,0,0,1
"phage_lambda",37694,37695,0,0,1
"phage_lambda",37752,37753,0,0,1
"phage_lambda",37803,37804,0,0,1
"phage_lambda",37807,37808,0,0,1
"phage_lambda",37904,37905,0,0,1
"phage_lambda",37906,37907,0,0,1
"phage_lambda",37955,37956,0,0,1
"phage_lambda",37978,37979,0,0,1
"phage_lambda",38110,38111,0,0,1
"phage_lambda",38148,38149,0,0,1
"phage_lambda",38178,38179,0,0,1
"phage_lambda",38196,38197,0,0,1
"phage_lambda",38235,38236,0,0,1
"phage_lambda",38776,38777,0,0,1
"phage_lambda",38792,38793,0,0,1
"phage_lambda",38808,38809,0,0,1
"phage_lambda",38814,38815,0,0,1
"phage_lambda",38819,38820,0,0,1
"phage_lambda",38831,38832,0,0,1
"phage_lambda",38843,38844,0,0,1
"phage_lambda",38855,38856,0,0,1
"phage_lambda",38890,38891,0,0,1
"phage_lambda",38968,38969,0,0,1
"phage_lambda",38987,38988,0,0,1
"phage_lambda",38995,38996,0,0,1
"phage_lambda",39024,39025,0,0,1
"phage_lambda",39165,39166,0,0,2
"phage_lambda",39174,39175,0,0,2
"phage_lambda",39186,39187,0,0,2
"phage_lambda",39191,39192,0,0,2
"phage_lambda",39195,39196,0,0,2
"phage_lambda",39210,39211,0,0,2
"phage_lambda",39222,39223,0,0,2
"phage_lambda",39228,39229,0,0,1
"phage_lambda",39236,39237,0,0,1
"phage_lambda",39241,39242,0,0,1
"phage_lambda",39242,39243,0,0,1
"phage_lambda",39244,39245,0,0,1
"phage_lambda",39256,39257,0,0,1
"phage_lambda",39259,39260,0,0,1
"phage_lambda",39267,39268,0,0,1
"phage_lambda",39271,39272,0,0,1
"phage_lambda",39274,39275,0,0,1
"phage_lambda",39277,39278,0,0,1
"phage_lambda",39316,39317,0,0,1
"phage_lambda",39320,39321,0,0,1
"phage_lambda",39327,39328,0,0,1
"phage_lambda",39337,39338,0,0,1
"phage_lambda",39356,39357,0,0,1
"phage_lambda",39360,39361,0,0,1
"phage_lambda",39389,39390,0,0,1
"phage_lambda",39405,39406,0,0,1
"phage_lambda",39410,39411,0,0,1
"phage_lambda",39413,39414,0,0,1
"phage_lambda",39423,39424,0,0,1
"phage_lambda",39434,39435,0,0,1
"phage_lambda",39439,39440,0,0,1
"phage_lambda",39450,39451,0,0,1
"phage_lambda",39456,39457,0,0,1
"phage_lambda",39467,39468,0,0,1
"phage_lambda",39497,39498,100,1,0
"phage_lambda",39510,39511,0,0,1
"phage_lambda",39512,39513,0,0,1
"phage_lambda",39514,39515,0,0,1
"phage_lambda",39516,39517,0,0,1
"phage_lambda",39523,39524,0,0,1
"phage_lambda",39525,39526,0,0,1
"phage_lambda",39527,39528,0,0,1
"phage_lambda",39529,39530,0,0,1
"phage_lambda",39548,39549,0,0,1
"phage_lambda",39558,39559,0,0,1
"phage_lambda",39562,39563,0,0,1
"phage_lambda",39571,39572,0,0,1
"phage_lambda",39601,39602,0,0,2
"phage_lambda",39625,39626,0,0,1
"phage_lambda",39634,39635,0,0,1
"phage_lambda",39653,39654,0,0,1
"phage_lambda",39676,39677,0,0,1
"phage_lambda",39682,39683,0,0,1
"phage_lambda",39685,39686,0,0,1
"phage_lambda",39692,39693,0,0,1
"phage_lambda",39694,39695,0,0,1
"phage_lambda",39705,39706,0,0,1
"phage_lambda",39712,39713,0,0,1
"phage_lambda",39714,39715,0,0,1
"phage_lambda",39716,39717,0,0,1
"phage_lambda",39718,39719,0,0,1
"phage_lambda",39722,39723,0,0,1
"phage_lambda",39724,39725,0,0,1
"phage_lambda",39734,39735,0,0,1
"phage_lambda",39737,39738,0,0,1
"phage_lambda",39743,39744,0,0,1
"phage_lambda",39745,39746,0,0,2
"phage_lambda",39751,39752,0,0,1
"phage_lambda",39758,39759,0,0,1
"phage_lambda",39760,39761,0,0,1
"phage_lambda",39778,39779,0,0,1
"phage_lambda",39785,39786,0,0,1
"phage_lambda",39787,39788,0,0,1
"phage_lambda",39794,39795,0,0,1
"phage_lambda",39796,39797,0,0,1
"phage_lambda",39805,39806,0,0,2
"phage_lambda",39813,39814,0,0,2
"phage_lambda",39830,39831,0,0,1
"phage_lambda",39832,39833,0,0,2
"phage_lambda",39840,39841,0,0,1
"phage_lambda",39842,39843,0,0,2
"phage_lambda",39856,39857,0,0,1
"phage_lambda",39862,39863,0,0,2
"phage_lambda",39863,39864,0,0,1
"phage_lambda",39865,39866,0,0,2
"phage_lambda",39878,39879,0,0,1
"phage_lambda",39880,39881,0,0,2
"phage_lambda",39888,39889,0,0,1
"phage_lambda",39891,39892,0,0,2
"phage_lambda",39893,39894,0,0,1
"phage_lambda",39895,39896,0,0,2
"phage_lambda",39913,39914,0,0,2
"phage_lambda",39936,39937,0,0,2
"phage_lambda",39940,39941,0,0,2
"phage_lambda",39951,39952,0,0,1
"phage_lambda",39958,39959,0,0,1
"phage_lambda",39985,39986,0,0,1
"phage_lambda",39997,39998,0,0,1
"phage_lambda",40004,40005,0,0,1
"phage_lambda",40097,40098,0,0,1
"phage_lambda",40116,40117,0,0,1
"phage_lambda",40118,40119,0,0,1
"phage_lambda",40137,40138,0,0,1
"phage_lambda",40139,40140,0,0,1
"phage_lambda",40150,40151,0,0,1
"phage_lambda",40167,40168,0,0,1
"phage_lambda",40173,40174,0,0,1
"phage_lambda",40188,40189,0,0,1
"phage_lambda",40220,40221,0,0,1
"phage_lambda",40226,40227,0,0,1
"phage_lambda",40239,40240,0,0,1
"phage_lambda",40262,40263,0,0,1
"phage_lambda",40285,40286,0,0,1
"phage_lambda",40311,40312,0,0,1
"phage_lambda",40331,40332,0,0,1
"phage_lambda",40339,40340,0,0,1
"phage_lambda",40357,40358,0,0,1
"phage_lambda",40366,40367,0,0,1
"phage_lambda",40373,40374,0,0,1
"phage_lambda",40383,40384,0,0,1
"phage_lambda",40390,40391,0,0,1
"phage_lambda",40404,40405,0,0,1
"phage_lambda",40408,40409,0,0,1
"phage_lambda",40498,40499,0,0,1
"phage_lambda",40519,40520,0,0,1
"phage_lambda",40526,40527,0,0,1
"phage_lambda",40582,40583,0,0,1
"phage_lambda",40594,40595,0,0,1
"phage_lambda",40599,40600,100,1,0
"phage_lambda",40602,40603,100,1,0
"phage_lambda",40612,40613,100,1,0
"phage_lambda",40937,40938,0,0,1
"phage_lambda",40945,40946,0,0,1
"phage_lambda",40948,40949,0,0,1
"phage_lambda",40991,40992,0,0,1
"phage_lambda",41004,41005,0,0,1
"phage_lambda",41025,41026,0,0,1
"phage_lambda",41039,41040,0,0,1
"phage_lambda",41045,41046,0,0,1
"phage_lambda",41071,41072,0,0,1
"phage_lambda",41076,41077,0,0,1
"phage_lambda",41102,41103,50,1,1
"phage_lambda",41109,41110,50,1,1
"phage_lambda",41117,41118,50,1,1
"phage_lambda",41130,41131,50,1,1
"phage_lambda",41156,41157,50,1,1
"phage_lambda",41189,41190,50,1,1
"phage_lambda",41223,41224,100,1,0
"phage_lambda",41251,41252,0,0,1
"phage_lambda",41258,41259,0,0,1
"phage_lambda",41266,41267,0,0,1
"phage_lambda",41281,41282,0,0,1
"phage_lambda",41293,41294,50,1,1
"phage_lambda",41332,41333,0,0,1
"phage_lambda",41345,41346,50,1,1
"phage_lambda",41350,41351,50,1,1
"phage_lambda",41409,41410,50,1,1
"phage_lambda",41414,41415,100,1,0
"phage_lambda",41496,41497,0,0,2
"phage_lambda",41501,41502,0,0,2
"phage_lambda",41509,41510,0,0,2
"phage_lambda",41531,41532,0,0,2
"phage_lambda",41538,41539,0,0,2
"phage_lambda",41549,41550,0,0,2
"phage_lambda",41554,41555,0,0,2
"phage_lambda",41558,41559,0,0,2
"phage_lambda",41620,41621,0,0,2
"phage_lambda",41637,41638,0,0,2
"phage_lambda",41646,41647,0,0,2
"phage_lambda",41682,41683,0,0,2
"phage_lambda",41704,41705,0,0,1
"phage_lambda",42098,42099,0,0,1
"phage_lambda",42114,42115,0,0,1
"phage_lambda",42124,42125,0,0,1
"phage_lambda",42133,42134,0,0,1
"phage_lambda",42160,42161,0,0,1
"phage_lambda",42192,42193,0,0,1
"phage_lambda",42758,42759,0,0,1
"phage_lambda",42763,42764,0,0,1
"phage_lambda",42774,42775,0,0,1
"phage_lambda",42784,42785,0,0,1
"phage_lambda",42791,42792,0,0,1
"phage_lambda",42794,42795,0,0,1
"phage_lambda",42797,42798,0,0,1
"phage_lambda",42856,42857,0,0,1
"phage_lambda",42867,42868,0,0,1
"phage_lambda",42895,42896,0,0,1
"phage_lambda",42909,42910,0,0,1
"phage_lambda",42913,42914,0,0,1
"phage_lambda",42920,42921,0,0,1
"phage_lambda",43097,43098,0,0,1
"phage_lambda",43110,43111,0,0,1
"phage_lambda",43114,43115,0,0,1
"phage_lambda",43137,43138,0,0,1
"phage_lambda",43208,43209,0,0,1
"phage_lambda",43251,43252,0,0,1
"phage_lambda",43285,43286,0,0,1
"phage_lambda",43290,43291,0,0,1
"phage_lambda",43306,43307,0,0,1
"phage_lambda",43316,43317,0,0,1
"phage_lambda",43318,43319,0,0,1
"phage_lambda",43349,43350,0,0,1
"phage_lambda",43351,43352,0,0,1
"phage_lambda",43386,43387,0,0,1
"phage_lambda",43403,43404,0,0,1
"phage_lambda",43423,43424,0,0,1
"phage_lambda",43429,43430,0,0,1
"phage_lambda",43434,43435,0,0,1
"phage_lambda",43830,43831,0,0,1
"phage_lambda",43833,43834,0,0,1
"phage_lambda",43836,43837,0,0,1
"phage_lambda",43838,43839,0,0,1
"phage_lambda",43843,43844,0,0,1
"phage_lambda",43845,43846,0,0,1
"phage_lambda",43848,43849,0,0,1
"phage_lambda",43865,43866,0,0,1
"phage_lambda",43867,43868,0,0,1
"phage_lambda",43871,43872,0,0,1
"phage_lambda",43873,43874,0,0,1
"phage_lambda",43927,43928,0,0,1
"phage_lambda",43950,43951,0,0,1
"phage_lambda",43957,43958,0,0,1
"phage_lambda",43961,43962,0,0,1
"phage_lambda",43963,43964,0,0,1
"phage_lambda",43973,43974,0,0,1
"phage_lambda",43976,43977,0,0,1
"phage_lambda",43981,43982,0,0,1
"phage_lambda",43993,43994,0,0,1
"phage_lambda",44021,44022,0,0,1
"phage_lambda",44027,44028,0,0,1
"phage_lambda",44033,44034,0,0,1
"phage_lambda",44035,44036,0,0,1
"phage_lambda",44040,44041,0,0,1
"phage_lambda",44042,44043,0,0,1
"phage_lambda",44045,44046,0,0,1
"phage_lambda",44058,44059,0,0,1
"phage_lambda",44060,44061,0,0,1
"phage_lambda",44062,44063,0,0,1
"phage_lambda",44064,44065,0,0,1
"phage_lambda",44092,44093,0,0,1
"phage_lambda",44127,44128,0,0,1
"phage_lambda",44170,44171,0,0,2
"phage_lambda",44208,44209,0,0,1
"phage_lambda",44216,44217,0,0,1
"phage_lambda",44224,44225,0,0,1
"phage_lambda",44238,44239,0,0,1
"phage_lambda",44255,44256,0,0,1
"phage_lambda",44259,44260,0,0,1
"phage_lambda",44282,44283,0,0,1
"phage_lambda",44287,44288,0,0,1
"phage_lambda",44351,44352,0,0,1
"phage_lambda",44360,44361,0,0,1
"phage_lambda",44372,44373,100,1,0
"phage_lambda",44509,44510,0,0,1
"phage_lambda",44543,44544,0,0,1
"phage_lambda",44633,44634,0,0,1
"phage_lambda",45055,45056,0,0,1
"phage_lambda",45058,45059,0,0,1
"phage_lambda",45067,45068,0,0,1
"phage_lambda",45092,45093,0,0,1
"phage_lambda",45106,45107,0,0,1
"phage_lambda",45113,45114,0,0,1
"phage_lambda",45128,45129,0,0,1
"phage_lambda",45130,45131,100,1,0
"phage_lambda",45195,45196,0,0,1
"phage_lambda",45197,45198,0,0,1
"phage_lambda",45209,45210,0,0,1
"phage_lambda",45211,45212,0,0,1
"phage_lambda",45230,45231,100,1,0
"phage_lambda",45381,45382,0,0,1
"phage_lambda",45423,45424,0,0,1
"phage_lambda",45432,45433,0,0,1
"phage_lambda",45437,45438,0,0,1
"phage_lambda",46293,46294,100,1,0
"phage_lambda",46307,46308,0,0,1
"phage_lambda",46321,46322,0,0,1
"phage_lambda",46325,46326,0,0,1
"phage_lambda",46334,46335,0,0,1
"phage_lambda",46339,46340,0,0,1
"phage_lambda",46356,46357,0,0,1
"phage_lambda",46366,46367,0,0,1
"phage_lambda",46387,46388,0,0,1
"phage_lambda",46417,46418,0,0,1
"phage_lambda",46422,46423,0,0,1
"phage_lambda",46589,46590,0,0,1
"phage_lambda",46598,46599,0,0,1
"phage_lambda",46608,46609,0,0,1
"phage_lambda",46610,46611,0,0,1
"phage_lambda",46619,46620,0,0,1
"phage_lambda",46621,46622,0,0,1
"phage_lambda",46661,46662,0,0,1
"phage_lambda",46663,46664,0,0,1
"phage_lambda",46664,46665,0,0,1
"phage_lambda",46666,46667,0,0,1
"phage_lambda",46667,46668,0,0,1
"phage_lambda",46670,46671,0,0,1
"phage_lambda",46682,46683,0,0,1
"phage_lambda",46684,46685,0,0,1
"phage_lambda",46692,46693,0,0,1
"phage_lambda",46694,46695,0,0,1
"phage_lambda",46706,46707,0,0,1
"phage_lambda",46708,46709,0,0,1
"phage_lambda",46716,46717,0,0,1
"phage_lambda",46718,46719,0,0,1
"phage_lambda",46722,46723,0,0,1
"phage_lambda",46724,46725,0,0,1
"phage_lambda",46727,46728,0,0,1
"phage_lambda",46729,46730,0,0,1
"phage_lambda",46762,46763,0,0,1
"phage_lambda",46782,46783,0,0,1
"phage_lambda",47157,47158,0,0,1
"phage_lambda",47177,47178,0,0,1
"phage_lambda",47185,47186,0,0,1
"phage_lambda",47187,47188,0,0,1
"phage_lambda",47294,47295,0,0,1
"phage_lambda",47678,47679,0,0,1
"phage_lambda",47865,47866,0,0,1
"phage_lambda",47876,47877,0,0,1
"phage_lambda",47890,47891,0,0,1
"phage_lambda",47931,47932,0,0,1
"phage_lambda",47942,47943,0,0,1
"phage_lambda",47955,47956,0,0,1
"phage_lambda",47978,47979,0,0,1
"phage_lambda",47984,47985,0,0,1
"phage_lambda",47997,47998,0,0,1
"phage_lambda",48001,48002,0,0,1
"phage_lambda",48007,48008,0,0,1
"phage_lambda",48011,48012,0,0,1
"phage_lambda",48027,48028,0,0,1
"phage_lambda",48041,48042,0,0,1
"phage_lambda",48081,48082,0,0,1
"phage_lambda",48083,48084,0,0,1
"phage_lambda",48088,48089,0,0,1
"phage_lambda",48102,48103,0,0,1
"phage_lambda",48149,48150,0,0,3
"phage_lambda",48151,48152,0,0,1
"phage_lambda",48162,48163,0,0,3
"phage_lambda",48168,48169,0,0,1
"phage_lambda",48169,48170,0,0,3
"phage_lambda",48171,48172,0,0,1
"phage_lambda",48184,48185,0,0,3
"phage_lambda",48186,48187,0,0,1
"phage_lambda",48188,48189,0,0,3
"phage_lambda",48190,48191,0,0,1
"phage_lambda",48199,48200,0,0,3
"phage_lambda",48277,48278,0,0,1
"phage_lambda",48286,48287,0,0,1
"phage_lambda",48371,48372,0,0,1
"phage_lambda",48391,48392,0,0,1
"phage_lambda",48473,48474,0,0,1
"phage_lambda",48484,48485,0,0,1
"phage_lambda",48495,48496,0,0,1
