"chrom","start","end","percent_methylation","methylated_reads","unmethylated_reads","read_depth","per_base_coverage"
"phage_lambda",134,135,0,0,1,1,1
"phage_lambda",154,155,0,0,1,1,1
"phage_lambda",155,156,100,1,0,1,1
"phage_lambda",177,178,0,0,1,1,1
"phage_lambda",178,179,0,0,1,1,1
"phage_lambda",225,226,0,0,1,1,1
"phage_lambda",226,227,0,0,1,1,1
"phage_lambda",230,231,0,0,1,1,1
"phage_lambda",231,232,0,0,1,1,1
"phage_lambda",238,239,0,0,1,1,1
"phage_lambda",239,240,0,0,1,1,1
"phage_lambda",273,274,0,0,2,2,2
"phage_lambda",274,275,0,0,1,1,1
"phage_lambda",280,281,0,0,2,2,2
"phage_lambda",281,282,0,0,1,1,1
"phage_lambda",285,286,0,0,2,2,2
"phage_lambda",286,287,0,0,1,1,1
"phage_lambda",321,322,0,0,2,2,2
"phage_lambda",322,323,0,0,1,1,1
"phage_lambda",324,325,0,0,2,2,2
"phage_lambda",325,326,0,0,1,1,1
"phage_lambda",342,343,0,0,2,2,2
"phage_lambda",343,344,0,0,1,1,1
"phage_lambda",366,367,0,0,2,2,2
"phage_lambda",376,377,0,0,1,1,1
"phage_lambda",377,378,0,0,1,1,1
"phage_lambda",379,380,0,0,1,1,1
"phage_lambda",380,381,0,0,1,1,1
"phage_lambda",397,398,0,0,1,1,1
"phage_lambda",398,399,0,0,1,1,1
"phage_lambda",409,410,0,0,1,1,1
"phage_lambda",441,442,0,0,1,1,1
"phage_lambda",442,443,0,0,1,1,1
"phage_lambda",445,446,0,0,1,1,1
"phage_lambda",446,447,0,0,1,1,1
"phage_lambda",451,452,0,0,1,1,1
"phage_lambda",452,453,0,0,1,1,1
"phage_lambda",458,459,0,0,1,1,1
"phage_lambda",459,460,0,0,1,1,1
"phage_lambda",460,461,0,0,1,1,1
"phage_lambda",461,462,0,0,1,1,1
"phage_lambda",464,465,0,0,1,1,1
"phage_lambda",465,466,0,0,1,1,1
"phage_lambda",471,472,0,0,1,1,1
"phage_lambda",472,473,0,0,1,1,1
"phage_lambda",474,475,0,0,1,1,1
"phage_lambda",475,476,0,0,1,1,1
"phage_lambda",504,505,0,0,1,1,1
"phage_lambda",505,506,0,0,1,1,1
"phage_lambda",522,523,0,0,1,1,1
"phage_lambda",523,524,0,0,1,1,1
"phage_lambda",537,538,0,0,2,2,2
"phage_lambda",545,546,0,0,2,2,2
"phage_lambda",547,548,0,0,2,2,2
"phage_lambda",552,553,0,0,2,2,2
"phage_lambda",576,577,0,0,2,2,2
"phage_lambda",579,580,0,0,2,2,2
"phage_lambda",593,594,0,0,1,1,1
"phage_lambda",601,602,0,0,1,1,1
"phage_lambda",604,605,0,0,1,1,1
"phage_lambda",611,612,0,0,1,1,1
"phage_lambda",625,626,0,0,1,1,1
"phage_lambda",646,647,0,0,1,1,1
"phage_lambda",679,680,0,0,1,1,1
"phage_lambda",681,682,0,0,1,1,1
"phage_lambda",699,700,0,0,1,1,1
"phage_lambda",721,722,0,0,1,1,1
"phage_lambda",744,745,0,0,1,1,1
"phage_lambda",755,756,0,0,1,1,1
"phage_lambda",756,757,0,0,1,1,1
"phage_lambda",757,758,0,0,1,1,1
"phage_lambda",758,759,0,0,1,1,1
"phage_lambda",760,761,0,0,1,1,1
"phage_lambda",761,762,0,0,1,1,1
"phage_lambda",767,768,0,0,1,1,1
"phage_lambda",768,769,0,0,1,1,1
"phage_lambda",783,784,0,0,2,2,2
"phage_lambda",784,785,0,0,1,1,1
"phage_lambda",796,797,0,0,2,2,2
"phage_lambda",797,798,0,0,1,1,1
"phage_lambda",799,800,0,0,2,2,2
"phage_lambda",800,801,0,0,1,1,1
"phage_lambda",810,811,0,0,2,2,2
"phage_lambda",811,812,0,0,1,1,1
"phage_lambda",831,832,0,0,2,2,2
"phage_lambda",841,842,0,0,2,2,2
"phage_lambda",857,858,0,0,2,2,2
"phage_lambda",881,882,0,0,2,2,2
"phage_lambda",897,898,0,0,1,1,1
"phage_lambda",907,908,0,0,1,1,1
"phage_lambda",917,918,0,0,1,1,1
"phage_lambda",944,945,0,0,1,1,1
"phage_lambda",949,950,0,0,1,1,1
"phage_lambda",1696,1697,0,0,1,1,1
"phage_lambda",1705,1706,0,0,1,1,1
"phage_lambda",1747,1748,0,0,1,1,1
"phage_lambda",1759,1760,0,0,1,1,1
"phage_lambda",1767,1768,0,0,1,1,1
"phage_lambda",1778,1779,0,0,1,1,1
"phage_lambda",1789,1790,0,0,1,1,1
"phage_lambda",1793,1794,0,0,1,1,1
"phage_lambda",1801,1802,0,0,1,1,1
"phage_lambda",1810,1811,0,0,1,1,1
"phage_lambda",1820,1821,0,0,1,1,1
"phage_lambda",1824,1825,0,0,1,1,1
"phage_lambda",1828,1829,0,0,1,1,1
"phage_lambda",2941,2942,0,0,1,1,1
"phage_lambda",2945,2946,0,0,1,1,1
"phage_lambda",2957,2958,0,0,1,1,1
"phage_lambda",2997,2998,0,0,1,1,1
"phage_lambda",2998,2999,0,0,1,1,1
"phage_lambda",3009,3010,0,0,1,1,1
"phage_lambda",3010,3011,0,0,1,1,1
"phage_lambda",3011,3012,0,0,1,1,1
"phage_lambda",3012,3013,0,0,1,1,1
"phage_lambda",3017,3018,0,0,1,1,1
"phage_lambda",3018,3019,0,0,1,1,1
"phage_lambda",3027,3028,0,0,1,1,1
"phage_lambda",3028,3029,0,0,1,1,1
"phage_lambda",3035,3036,0,0,1,1,1
"phage_lambda",3036,3037,0,0,1,1,1
"phage_lambda",3044,3045,0,0,1,1,1
"phage_lambda",3045,3046,0,0,1,1,1
"phage_lambda",3050,3051,0,0,1,1,1
"phage_lambda",3051,3052,0,0,1,1,1
"phage_lambda",3077,3078,0,0,1,1,1
"phage_lambda",3078,3079,0,0,1,1,1
"phage_lambda",3080,3081,0,0,1,1,1
"phage_lambda",3081,3082,0,0,1,1,1
"phage_lambda",3093,3094,0,0,1,1,1
"phage_lambda",3094,3095,0,0,1,1,1
"phage_lambda",3105,3106,0,0,1,1,1
"phage_lambda",3106,3107,0,0,1,1,1
"phage_lambda",3117,3118,0,0,1,1,1
"phage_lambda",3118,3119,0,0,1,1,1
"phage_lambda",3131,3132,0,0,1,1,1
"phage_lambda",3132,3133,0,0,1,1,1
"phage_lambda",3147,3148,0,0,1,1,1
"phage_lambda",3159,3160,0,0,1,1,1
"phage_lambda",3161,3162,0,0,1,1,1
"phage_lambda",3172,3173,0,0,1,1,1
"phage_lambda",3374,3375,0,0,1,1,1
"phage_lambda",3384,3385,0,0,1,1,1
"phage_lambda",3387,3388,0,0,1,1,1
"phage_lambda",3394,3395,0,0,1,1,1
"phage_lambda",3403,3404,0,0,1,1,1
"phage_lambda",3408,3409,0,0,1,1,1
"phage_lambda",3429,3430,0,0,1,1,1
"phage_lambda",3434,3435,0,0,1,1,1
"phage_lambda",3437,3438,0,0,1,1,1
"phage_lambda",3450,3451,0,0,1,1,1
"phage_lambda",3456,3457,0,0,1,1,1
"phage_lambda",3462,3463,0,0,1,1,1
"phage_lambda",3482,3483,0,0,1,1,1
"phage_lambda",3505,3506,0,0,1,1,1
"phage_lambda",3516,3517,0,0,1,1,1
"phage_lambda",3571,3572,0,0,1,1,1
"phage_lambda",3573,3574,0,0,1,1,1
"phage_lambda",3594,3595,0,0,1,1,1
"phage_lambda",3618,3619,0,0,1,1,1
"phage_lambda",3623,3624,0,0,1,1,1
"phage_lambda",3635,3636,0,0,1,1,1
"phage_lambda",3648,3649,0,0,1,1,1
"phage_lambda",3662,3663,0,0,1,1,1
"phage_lambda",3672,3673,0,0,1,1,1
"phage_lambda",3698,3699,0,0,1,1,1
"phage_lambda",3707,3708,0,0,1,1,1
"phage_lambda",3874,3875,0,0,1,1,1
"phage_lambda",3881,3882,0,0,1,1,1
"phage_lambda",3890,3891,0,0,1,1,1
"phage_lambda",3912,3913,0,0,1,1,1
"phage_lambda",3920,3921,0,0,1,1,1
"phage_lambda",3926,3927,0,0,1,1,1
"phage_lambda",3940,3941,0,0,1,1,1
"phage_lambda",3957,3958,0,0,1,1,1
"phage_lambda",3965,3966,0,0,1,1,1
"phage_lambda",4701,4702,0,0,1,1,1
"phage_lambda",4703,4704,0,0,1,1,1
"phage_lambda",4707,4708,0,0,1,1,1
"phage_lambda",4716,4717,0,0,1,1,1
"phage_lambda",4722,4723,0,0,1,1,1
"phage_lambda",4732,4733,0,0,1,1,1
"phage_lambda",4741,4742,0,0,1,1,1
"phage_lambda",4750,4751,0,0,1,1,1
"phage_lambda",4754,4755,0,0,1,1,1
"phage_lambda",4774,4775,0,0,1,1,1
"phage_lambda",4779,4780,0,0,1,1,1
"phage_lambda",4789,4790,0,0,1,1,1
"phage_lambda",4801,4802,0,0,1,1,1
"phage_lambda",4812,4813,0,0,1,1,1
"phage_lambda",4816,4817,0,0,1,1,1
"phage_lambda",4819,4820,0,0,1,1,1
"phage_lambda",4830,4831,0,0,1,1,1
"phage_lambda",4846,4847,0,0,1,1,1
"phage_lambda",4880,4881,0,0,1,1,1
"phage_lambda",4889,4890,0,0,1,1,1
"phage_lambda",4899,4900,0,0,1,1,1
"phage_lambda",4938,4939,0,0,1,1,1
"phage_lambda",4939,4940,0,0,1,1,1
"phage_lambda",4945,4946,0,0,1,1,1
"phage_lambda",4946,4947,0,0,1,1,1
"phage_lambda",4949,4950,0,0,1,1,1
"phage_lambda",4959,4960,0,0,1,1,1
"phage_lambda",4966,4967,0,0,1,1,1
"phage_lambda",4970,4971,0,0,1,1,1
"phage_lambda",4984,4985,0,0,1,1,1
"phage_lambda",4987,4988,0,0,1,1,1
"phage_lambda",5011,5012,0,0,1,1,1
"phage_lambda",5019,5020,0,0,1,1,1
"phage_lambda",5046,5047,0,0,1,1,1
"phage_lambda",5136,5137,0,0,1,1,1
"phage_lambda",5143,5144,0,0,1,1,1
"phage_lambda",5156,5157,0,0,1,1,1
"phage_lambda",5157,5158,0,0,1,1,1
"phage_lambda",5168,5169,0,0,1,1,1
"phage_lambda",5169,5170,0,0,1,1,1
"phage_lambda",5178,5179,0,0,1,1,1
"phage_lambda",5179,5180,0,0,1,1,1
"phage_lambda",5187,5188,0,0,1,1,1
"phage_lambda",5188,5189,0,0,1,1,1
"phage_lambda",5208,5209,0,0,1,1,1
"phage_lambda",5209,5210,0,0,1,1,1
"phage_lambda",5227,5228,0,0,1,1,1
"phage_lambda",5248,5249,0,0,2,2,2
"phage_lambda",5278,5279,0,0,2,2,2
"phage_lambda",5283,5284,0,0,2,2,2
"phage_lambda",5290,5291,0,0,2,2,2
"phage_lambda",5297,5298,0,0,2,2,2
"phage_lambda",5315,5316,0,0,1,1,1
"phage_lambda",5324,5325,0,0,1,1,1
"phage_lambda",5339,5340,0,0,1,1,1
"phage_lambda",6427,6428,0,0,1,1,1
"phage_lambda",6439,6440,0,0,1,1,1
"phage_lambda",6445,6446,0,0,1,1,1
"phage_lambda",6453,6454,0,0,1,1,1
"phage_lambda",6456,6457,0,0,1,1,1
"phage_lambda",6459,6460,0,0,1,1,1
"phage_lambda",6462,6463,0,0,1,1,1
"phage_lambda",7331,7332,0,0,1,1,1
"phage_lambda",7344,7345,100,1,0,1,1
"phage_lambda",7366,7367,0,0,1,1,1
"phage_lambda",7383,7384,100,1,0,1,1
"phage_lambda",7409,7410,0,0,1,1,1
"phage_lambda",7415,7416,0,0,1,1,1
"phage_lambda",7422,7423,0,0,1,1,1
"phage_lambda",7436,7437,0,0,1,1,1
"phage_lambda",7451,7452,0,0,1,1,1
"phage_lambda",7455,7456,0,0,1,1,1
"phage_lambda",7491,7492,0,0,2,2,2
"phage_lambda",7496,7497,0,0,2,2,2
"phage_lambda",7498,7499,0,0,2,2,2
"phage_lambda",7526,7527,0,0,2,2,2
"phage_lambda",7532,7533,0,0,2,2,2
"phage_lambda",7535,7536,0,0,2,2,2
"phage_lambda",7540,7541,0,0,2,2,2
"phage_lambda",7551,7552,0,0,2,2,2
"phage_lambda",7563,7564,0,0,2,2,2
"phage_lambda",7576,7577,0,0,1,1,1
"phage_lambda",7578,7579,0,0,1,1,1
"phage_lambda",7600,7601,0,0,1,1,1
"phage_lambda",7607,7608,0,0,1,1,1
"phage_lambda",7622,7623,0,0,1,1,1
"phage_lambda",9217,9218,0,0,1,1,1
"phage_lambda",9237,9238,0,0,1,1,1
"phage_lambda",9246,9247,0,0,1,1,1
"phage_lambda",9262,9263,0,0,1,1,1
"phage_lambda",9269,9270,0,0,1,1,1
"phage_lambda",9284,9285,0,0,1,1,1
"phage_lambda",9291,9292,0,0,1,1,1
"phage_lambda",9295,9296,0,0,1,1,1
"phage_lambda",9300,9301,0,0,1,1,1
"phage_lambda",9304,9305,0,0,1,1,1
"phage_lambda",9314,9315,0,0,1,1,1
"phage_lambda",9334,9335,0,0,1,1,1
"phage_lambda",9342,9343,0,0,1,1,1
"phage_lambda",9348,9349,0,0,1,1,1
"phage_lambda",9351,9352,0,0,1,1,1
"phage_lambda",9368,9369,0,0,1,1,1
"phage_lambda",9372,9373,0,0,1,1,1
"phage_lambda",9395,9396,0,0,1,1,1
"phage_lambda",9399,9400,0,0,1,1,1
"phage_lambda",9402,9403,0,0,1,1,1
"phage_lambda",9416,9417,0,0,1,1,1
"phage_lambda",9423,9424,0,0,1,1,1
"phage_lambda",9432,9433,100,1,0,1,1
"phage_lambda",9439,9440,0,0,1,1,1
"phage_lambda",9448,9449,0,0,1,1,1
"phage_lambda",9453,9454,0,0,1,1,1
"phage_lambda",9468,9469,0,0,1,1,1
"phage_lambda",9492,9493,0,0,1,1,1
"phage_lambda",9499,9500,0,0,1,1,1
"phage_lambda",9634,9635,0,0,1,1,1
"phage_lambda",9644,9645,0,0,1,1,1
"phage_lambda",9664,9665,0,0,1,1,1
"phage_lambda",9680,9681,0,0,1,1,1
"phage_lambda",9686,9687,0,0,1,1,1
"phage_lambda",9698,9699,0,0,1,1,1
"phage_lambda",9709,9710,0,0,1,1,1
"phage_lambda",9725,9726,0,0,1,1,1
"phage_lambda",9743,9744,0,0,1,1,1
"phage_lambda",9752,9753,0,0,1,1,1
"phage_lambda",9757,9758,0,0,1,1,1
"phage_lambda",9783,9784,0,0,1,1,1
"phage_lambda",9797,9798,0,0,1,1,1
"phage_lambda",9810,9811,0,0,1,1,1
"phage_lambda",9826,9827,0,0,1,1,1
"phage_lambda",9843,9844,0,0,1,1,1
"phage_lambda",9863,9864,100,1,0,1,1
"phage_lambda",9875,9876,0,0,1,1,1
"phage_lambda",9878,9879,100,1,0,1,1
"phage_lambda",9880,9881,100,1,0,1,1
"phage_lambda",9892,9893,0,0,1,1,1
"phage_lambda",10426,10427,0,0,1,1,1
"phage_lambda",10436,10437,0,0,1,1,1
"phage_lambda",10440,10441,0,0,1,1,1
"phage_lambda",10458,10459,0,0,1,1,1
"phage_lambda",10459,10460,0,0,1,1,1
"phage_lambda",10466,10467,0,0,1,1,1
"phage_lambda",10467,10468,0,0,1,1,1
"phage_lambda",10475,10476,0,0,1,1,1
"phage_lambda",10476,10477,0,0,1,1,1
"phage_lambda",10484,10485,0,0,1,1,1
"phage_lambda",10485,10486,0,0,1,1,1
"phage_lambda",10494,10495,0,0,1,1,1
"phage_lambda",10495,10496,0,0,1,1,1
"phage_lambda",10524,10525,0,0,1,1,1
"phage_lambda",10525,10526,0,0,1,1,1
"phage_lambda",10537,10538,0,0,1,1,1
"phage_lambda",10538,10539,0,0,1,1,1
"phage_lambda",10551,10552,0,0,1,1,1
"phage_lambda",10552,10553,0,0,1,1,1
"phage_lambda",10558,10559,0,0,1,1,1
"phage_lambda",10559,10560,0,0,1,1,1
"phage_lambda",10567,10568,0,0,1,1,1
"phage_lambda",10568,10569,0,0,1,1,1
"phage_lambda",10588,10589,0,0,1,1,1
"phage_lambda",10601,10602,0,0,1,1,1
"phage_lambda",10623,10624,0,0,1,1,1
"phage_lambda",10639,10640,0,0,1,1,1
"phage_lambda",11301,11302,0,0,1,1,1
"phage_lambda",11321,11322,0,0,1,1,1
"phage_lambda",11326,11327,0,0,1,1,1
"phage_lambda",11329,11330,0,0,1,1,1
"phage_lambda",11338,11339,0,0,1,1,1
"phage_lambda",11352,11353,100,1,0,1,1
"phage_lambda",11355,11356,100,1,0,1,1
"phage_lambda",11359,11360,0,0,1,1,1
"phage_lambda",11365,11366,100,1,0,1,1
"phage_lambda",11370,11371,0,0,1,1,1
"phage_lambda",11393,11394,0,0,1,1,1
"phage_lambda",11396,11397,0,0,1,1,1
"phage_lambda",11418,11419,0,0,1,1,1
"phage_lambda",11445,11446,0,0,1,1,1
"phage_lambda",11448,11449,0,0,1,1,1
"phage_lambda",11472,11473,0,0,1,1,1
"phage_lambda",11473,11474,0,0,1,1,1
"phage_lambda",11489,11490,0,0,1,1,1
"phage_lambda",11490,11491,0,0,1,1,1
"phage_lambda",11500,11501,0,0,1,1,1
"phage_lambda",11501,11502,0,0,1,1,1
"phage_lambda",11502,11503,0,0,1,1,1
"phage_lambda",11503,11504,0,0,1,1,1
"phage_lambda",11532,11533,0,0,1,1,1
"phage_lambda",11533,11534,0,0,1,1,1
"phage_lambda",11548,11549,0,0,1,1,1
"phage_lambda",11549,11550,0,0,1,1,1
"phage_lambda",11564,11565,0,0,1,1,1
"phage_lambda",11587,11588,0,0,1,1,1
"phage_lambda",11595,11596,0,0,1,1,1
"phage_lambda",11597,11598,0,0,1,1,1
"phage_lambda",11631,11632,0,0,1,1,1
"phage_lambda",11638,11639,0,0,1,1,1
"phage_lambda",11648,11649,0,0,1,1,1
"phage_lambda",11652,11653,0,0,1,1,1
"phage_lambda",11691,11692,0,0,1,1,1
"phage_lambda",11692,11693,0,0,1,1,1
"phage_lambda",11704,11705,0,0,1,1,1
"phage_lambda",11705,11706,0,0,1,1,1
"phage_lambda",11710,11711,0,0,1,1,1
"phage_lambda",11711,11712,0,0,1,1,1
"phage_lambda",11715,11716,0,0,1,1,1
"phage_lambda",11716,11717,0,0,1,1,1
"phage_lambda",11720,11721,0,0,1,1,1
"phage_lambda",11721,11722,0,0,1,1,1
"phage_lambda",11734,11735,0,0,1,1,1
"phage_lambda",11735,11736,0,0,1,1,1
"phage_lambda",11742,11743,0,0,1,1,1
"phage_lambda",11743,11744,0,0,1,1,1
"phage_lambda",11755,11756,0,0,1,1,1
"phage_lambda",11756,11757,0,0,1,1,1
"phage_lambda",11759,11760,0,0,1,1,1
"phage_lambda",11760,11761,0,0,1,1,1
"phage_lambda",11769,11770,0,0,1,1,1
"phage_lambda",11770,11771,0,0,1,1,1
"phage_lambda",11772,11773,0,0,1,1,1
"phage_lambda",11773,11774,0,0,1,1,1
"phage_lambda",11788,11789,0,0,1,1,1
"phage_lambda",11789,11790,0,0,1,1,1
"phage_lambda",11792,11793,0,0,1,1,1
"phage_lambda",11793,11794,0,0,1,1,1
"phage_lambda",11824,11825,0,0,1,1,1
"phage_lambda",11825,11826,0,0,1,1,1
"phage_lambda",12158,12159,0,0,1,1,1
"phage_lambda",12178,12179,0,0,1,1,1
"phage_lambda",12189,12190,0,0,1,1,1
"phage_lambda",12200,12201,0,0,1,1,1
"phage_lambda",12208,12209,0,0,1,1,1
"phage_lambda",12210,12211,0,0,1,1,1
"phage_lambda",12216,12217,0,0,1,1,1
"phage_lambda",12225,12226,0,0,1,1,1
"phage_lambda",12235,12236,0,0,1,1,1
"phage_lambda",12416,12417,0,0,1,1,1
"phage_lambda",12418,12419,0,0,1,1,1
"phage_lambda",12445,12446,0,0,1,1,1
"phage_lambda",12469,12470,0,0,1,1,1
"phage_lambda",12474,12475,0,0,1,1,1
"phage_lambda",12486,12487,0,0,1,1,1
"phage_lambda",12507,12508,0,0,1,1,1
"phage_lambda",12572,12573,100,1,0,1,1
"phage_lambda",12573,12574,0,0,1,1,1
"phage_lambda",12584,12585,100,1,0,1,1
"phage_lambda",12585,12586,0,0,1,1,1
"phage_lambda",12589,12590,100,1,0,1,1
"phage_lambda",12590,12591,0,0,1,1,1
"phage_lambda",12643,12644,0,0,1,1,1
"phage_lambda",12644,12645,0,0,1,1,1
"phage_lambda",12652,12653,0,0,1,1,1
"phage_lambda",12653,12654,0,0,1,1,1
"phage_lambda",12658,12659,0,0,1,1,1
"phage_lambda",12659,12660,0,0,1,1,1
"phage_lambda",12667,12668,0,0,1,1,1
"phage_lambda",12668,12669,0,0,1,1,1
"phage_lambda",12682,12683,0,0,1,1,1
"phage_lambda",12683,12684,0,0,1,1,1
"phage_lambda",12685,12686,0,0,1,1,1
"phage_lambda",12686,12687,0,0,1,1,1
"phage_lambda",12691,12692,0,0,1,1,1
"phage_lambda",12692,12693,0,0,1,1,1
"phage_lambda",12693,12694,0,0,1,1,1
"phage_lambda",12694,12695,0,0,1,1,1
"phage_lambda",12701,12702,0,0,1,1,1
"phage_lambda",12719,12720,0,0,1,1,1
"phage_lambda",12724,12725,0,0,1,1,1
"phage_lambda",12727,12728,0,0,1,1,1
"phage_lambda",12746,12747,0,0,1,1,1
"phage_lambda",12757,12758,0,0,1,1,1
"phage_lambda",12764,12765,0,0,1,1,1
"phage_lambda",12767,12768,0,0,1,1,1
"phage_lambda",13661,13662,0,0,1,1,1
"phage_lambda",13667,13668,0,0,1,1,1
"phage_lambda",13683,13684,0,0,1,1,1
"phage_lambda",13695,13696,0,0,1,1,1
"phage_lambda",13703,13704,0,0,1,1,1
"phage_lambda",13725,13726,0,0,1,1,1
"phage_lambda",13728,13729,0,0,1,1,1
"phage_lambda",13733,13734,0,0,1,1,1
"phage_lambda",13741,13742,0,0,1,1,1
"phage_lambda",13744,13745,0,0,1,1,1
"phage_lambda",13755,13756,0,0,1,1,1
"phage_lambda",13759,13760,0,0,1,1,1
"phage_lambda",14070,14071,0,0,1,1,1
"phage_lambda",14078,14079,0,0,1,1,1
"phage_lambda",14081,14082,0,0,1,1,1
"phage_lambda",14093,14094,0,0,1,1,1
"phage_lambda",14119,14120,0,0,1,1,1
"phage_lambda",14151,14152,0,0,1,1,1
"phage_lambda",14160,14161,0,0,1,1,1
"phage_lambda",14164,14165,0,0,1,1,1
"phage_lambda",14168,14169,0,0,1,1,1
"phage_lambda",14171,14172,0,0,1,1,1
"phage_lambda",14178,14179,0,0,1,1,1
"phage_lambda",14184,14185,0,0,1,1,1
"phage_lambda",14190,14191,0,0,1,1,1
"phage_lambda",14194,14195,0,0,1,1,1
"phage_lambda",14200,14201,0,0,1,1,1
"phage_lambda",14251,14252,0,0,1,1,1
"phage_lambda",14259,14260,0,0,1,1,1
"phage_lambda",14272,14273,0,0,1,1,1
"phage_lambda",14279,14280,0,0,1,1,1
"phage_lambda",14282,14283,0,0,1,1,1
"phage_lambda",14324,14325,0,0,1,1,1
"phage_lambda",14343,14344,0,0,1,1,1
"phage_lambda",14370,14371,0,0,1,1,1
"phage_lambda",14374,14375,0,0,1,1,1
"phage_lambda",14377,14378,0,0,1,1,1
"phage_lambda",14403,14404,0,0,1,1,1
"phage_lambda",14420,14421,0,0,1,1,1
"phage_lambda",14427,14428,0,0,1,1,1
"phage_lambda",14441,14442,0,0,1,1,1
"phage_lambda",14451,14452,0,0,1,1,1
"phage_lambda",14526,14527,0,0,1,1,1
"phage_lambda",14541,14542,0,0,1,1,1
"phage_lambda",14551,14552,0,0,1,1,1
"phage_lambda",14552,14553,0,0,1,1,1
"phage_lambda",14569,14570,0,0,1,1,1
"phage_lambda",14570,14571,0,0,1,1,1
"phage_lambda",14574,14575,0,0,1,1,1
"phage_lambda",14575,14576,0,0,1,1,1
"phage_lambda",14606,14607,0,0,1,1,1
"phage_lambda",14607,14608,0,0,1,1,1
"phage_lambda",14609,14610,0,0,1,1,1
"phage_lambda",14610,14611,0,0,1,1,1
"phage_lambda",14627,14628,0,0,1,1,1
"phage_lambda",14628,14629,50,1,1,2,2
"phage_lambda",14636,14637,0,0,1,1,1
"phage_lambda",14637,14638,50,1,1,2,2
"phage_lambda",14645,14646,0,0,1,1,1
"phage_lambda",14646,14647,0,0,2,2,2
"phage_lambda",14649,14650,0,0,1,1,1
"phage_lambda",14650,14651,0,0,2,2,2
"phage_lambda",14684,14685,0,0,1,1,1
"phage_lambda",14685,14686,0,0,2,2,2
"phage_lambda",14691,14692,0,0,1,1,1
"phage_lambda",14692,14693,0,0,2,2,2
"phage_lambda",14694,14695,0,0,1,1,1
"phage_lambda",14695,14696,0,0,2,2,2
"phage_lambda",14707,14708,0,0,2,2,2
"phage_lambda",14710,14711,0,0,2,2,2
"phage_lambda",14713,14714,0,0,2,2,2
"phage_lambda",14716,14717,0,0,2,2,2
"phage_lambda",14753,14754,0,0,1,1,1
"phage_lambda",14767,14768,0,0,1,1,1
"phage_lambda",14800,14801,0,0,1,1,1
"phage_lambda",14806,14807,0,0,1,1,1
"phage_lambda",14815,14816,0,0,1,1,1
"phage_lambda",14817,14818,0,0,1,1,1
"phage_lambda",14831,14832,0,0,1,1,1
"phage_lambda",14844,14845,0,0,1,1,1
"phage_lambda",14853,14854,0,0,1,1,1
"phage_lambda",14856,14857,0,0,1,1,1
"phage_lambda",14861,14862,0,0,1,1,1
"phage_lambda",14868,14869,0,0,1,1,1
"phage_lambda",14869,14870,0,0,1,1,1
"phage_lambda",14878,14879,0,0,1,1,1
"phage_lambda",14879,14880,0,0,1,1,1
"phage_lambda",14895,14896,0,0,1,1,1
"phage_lambda",14896,14897,0,0,1,1,1
"phage_lambda",14917,14918,0,0,1,1,1
"phage_lambda",14918,14919,0,0,1,1,1
"phage_lambda",14920,14921,0,0,1,1,1
"phage_lambda",14921,14922,0,0,1,1,1
"phage_lambda",14925,14926,0,0,1,1,1
"phage_lambda",14926,14927,0,0,1,1,1
"phage_lambda",14939,14940,0,0,1,1,1
"phage_lambda",14940,14941,0,0,1,1,1
"phage_lambda",14942,14943,0,0,1,1,1
"phage_lambda",14943,14944,0,0,1,1,1
"phage_lambda",14959,14960,0,0,1,1,1
"phage_lambda",14967,14968,0,0,1,1,1
"phage_lambda",14971,14972,0,0,1,1,1
"phage_lambda",14976,14977,0,0,1,1,1
"phage_lambda",14984,14985,0,0,1,1,1
"phage_lambda",14988,14989,0,0,1,1,1
"phage_lambda",14996,14997,0,0,1,1,1
"phage_lambda",14999,15000,0,0,1,1,1
"phage_lambda",15351,15352,0,0,1,1,1
"phage_lambda",15361,15362,0,0,1,1,1
"phage_lambda",15363,15364,0,0,1,1,1
"phage_lambda",15373,15374,0,0,1,1,1
"phage_lambda",15375,15376,0,0,1,1,1
"phage_lambda",15398,15399,0,0,2,2,2
"phage_lambda",15405,15406,0,0,2,2,2
"phage_lambda",15414,15415,0,0,2,2,2
"phage_lambda",15439,15440,0,0,1,1,1
"phage_lambda",15467,15468,100,1,0,1,1
"phage_lambda",15472,15473,0,0,1,1,1
"phage_lambda",15473,15474,100,1,0,1,1
"phage_lambda",15476,15477,0,0,1,1,1
"phage_lambda",15477,15478,100,1,0,1,1
"phage_lambda",15496,15497,0,0,1,1,1
"phage_lambda",15497,15498,0,0,1,1,1
"phage_lambda",15535,15536,0,0,1,1,1
"phage_lambda",15537,15538,0,0,1,1,1
"phage_lambda",15539,15540,0,0,1,1,1
"phage_lambda",15544,15545,0,0,1,1,1
"phage_lambda",15565,15566,0,0,1,1,1
"phage_lambda",15584,15585,0,0,1,1,1
"phage_lambda",15596,15597,0,0,1,1,1
"phage_lambda",15604,15605,0,0,1,1,1
"phage_lambda",15616,15617,0,0,1,1,1
"phage_lambda",15635,15636,0,0,1,1,1
"phage_lambda",15652,15653,0,0,1,1,1
"phage_lambda",15655,15656,0,0,1,1,1
"phage_lambda",15733,15734,0,0,1,1,1
"phage_lambda",15736,15737,0,0,1,1,1
"phage_lambda",15755,15756,0,0,1,1,1
"phage_lambda",15761,15762,0,0,1,1,1
"phage_lambda",15766,15767,0,0,1,1,1
"phage_lambda",15778,15779,0,0,1,1,1
"phage_lambda",15796,15797,0,0,1,1,1
"phage_lambda",15799,15800,0,0,1,1,1
"phage_lambda",15807,15808,0,0,1,1,1
"phage_lambda",15817,15818,0,0,1,1,1
"phage_lambda",15830,15831,0,0,1,1,1
"phage_lambda",15834,15835,0,0,1,1,1
"phage_lambda",16141,16142,0,0,2,2,2
"phage_lambda",16147,16148,0,0,2,2,2
"phage_lambda",16157,16158,0,0,2,2,2
"phage_lambda",16160,16161,0,0,2,2,2
"phage_lambda",16174,16175,0,0,2,2,2
"phage_lambda",16184,16185,0,0,2,2,2
"phage_lambda",16203,16204,0,0,2,2,2
"phage_lambda",16218,16219,0,0,2,2,2
"phage_lambda",16220,16221,0,0,2,2,2
"phage_lambda",16224,16225,0,0,2,2,2
"phage_lambda",16240,16241,0,0,1,1,1
"phage_lambda",16243,16244,0,0,1,1,1
"phage_lambda",16255,16256,0,0,1,1,1
"phage_lambda",16261,16262,0,0,1,1,1
"phage_lambda",16263,16264,0,0,1,1,1
"phage_lambda",16274,16275,0,0,1,1,1
"phage_lambda",16351,16352,0,0,1,1,1
"phage_lambda",16353,16354,0,0,1,1,1
"phage_lambda",16358,16359,0,0,1,1,1
"phage_lambda",16371,16372,0,0,1,1,1
"phage_lambda",16381,16382,0,0,1,1,1
"phage_lambda",16384,16385,0,0,1,1,1
"phage_lambda",16402,16403,0,0,1,1,1
"phage_lambda",16415,16416,0,0,1,1,1
"phage_lambda",16427,16428,0,0,1,1,1
"phage_lambda",16441,16442,0,0,1,1,1
"phage_lambda",16445,16446,0,0,1,1,1
"phage_lambda",16454,16455,0,0,1,1,1
"phage_lambda",16459,16460,0,0,1,1,1
"phage_lambda",16465,16466,0,0,1,1,1
"phage_lambda",16507,16508,0,0,1,1,1
"phage_lambda",16523,16524,0,0,1,1,1
"phage_lambda",16534,16535,0,0,1,1,1
"phage_lambda",16537,16538,0,0,1,1,1
"phage_lambda",16542,16543,0,0,1,1,1
"phage_lambda",16552,16553,0,0,1,1,1
"phage_lambda",16562,16563,0,0,1,1,1
"phage_lambda",16570,16571,0,0,1,1,1
"phage_lambda",16576,16577,0,0,1,1,1
"phage_lambda",16580,16581,0,0,1,1,1
"phage_lambda",16590,16591,0,0,1,1,1
"phage_lambda",16594,16595,0,0,1,1,1
"phage_lambda",16597,16598,0,0,1,1,1
"phage_lambda",16606,16607,0,0,1,1,1
"phage_lambda",16620,16621,0,0,1,1,1
"phage_lambda",16639,16640,0,0,1,1,1
"phage_lambda",16649,16650,0,0,1,1,1
"phage_lambda",16651,16652,0,0,1,1,1
"phage_lambda",16654,16655,0,0,1,1,1
"phage_lambda",16659,16660,0,0,1,1,1
"phage_lambda",16673,16674,0,0,1,1,1
"phage_lambda",16686,16687,0,0,1,1,1
"phage_lambda",16697,16698,0,0,1,1,1
"phage_lambda",16720,16721,0,0,1,1,1
"phage_lambda",16738,16739,0,0,1,1,1
"phage_lambda",16741,16742,0,0,1,1,1
"phage_lambda",16762,16763,0,0,2,2,2
"phage_lambda",16776,16777,0,0,1,1,1
"phage_lambda",16781,16782,0,0,1,1,1
"phage_lambda",16785,16786,0,0,1,1,1
"phage_lambda",16795,16796,0,0,1,1,1
"phage_lambda",16824,16825,0,0,1,1,1
"phage_lambda",16839,16840,0,0,1,1,1
"phage_lambda",16841,16842,0,0,1,1,1
"phage_lambda",16844,16845,0,0,1,1,1
"phage_lambda",16879,16880,0,0,1,1,1
"phage_lambda",16886,16887,0,0,1,1,1
"phage_lambda",16898,16899,0,0,1,1,1
"phage_lambda",16901,16902,0,0,1,1,1
"phage_lambda",16904,16905,0,0,1,1,1
"phage_lambda",16964,16965,0,0,1,1,1
"phage_lambda",16976,16977,0,0,1,1,1
"phage_lambda",16983,16984,0,0,1,1,1
"phage_lambda",16993,16994,0,0,1,1,1
"phage_lambda",17010,17011,0,0,1,1,1
"phage_lambda",17014,17015,0,0,1,1,1
"phage_lambda",17020,17021,0,0,1,1,1
"phage_lambda",17024,17025,0,0,1,1,1
"phage_lambda",17028,17029,0,0,1,1,1
"phage_lambda",17038,17039,0,0,1,1,1
"phage_lambda",17051,17052,0,0,1,1,1
"phage_lambda",17057,17058,0,0,1,1,1
"phage_lambda",17059,17060,0,0,1,1,1
"phage_lambda",17078,17079,0,0,1,1,1
"phage_lambda",17092,17093,0,0,1,1,1
"phage_lambda",17099,17100,0,0,1,1,1
"phage_lambda",17114,17115,0,0,1,1,1
"phage_lambda",17120,17121,0,0,1,1,1
"phage_lambda",17123,17124,0,0,1,1,1
"phage_lambda",17126,17127,0,0,1,1,1
"phage_lambda",17145,17146,0,0,1,1,1
"phage_lambda",17156,17157,0,0,1,1,1
"phage_lambda",17281,17282,0,0,1,1,1
"phage_lambda",17297,17298,0,0,1,1,1
"phage_lambda",17306,17307,0,0,1,1,1
"phage_lambda",17311,17312,0,0,1,1,1
"phage_lambda",17321,17322,0,0,1,1,1
"phage_lambda",17324,17325,0,0,1,1,1
"phage_lambda",17338,17339,0,0,1,1,1
"phage_lambda",17353,17354,0,0,1,1,1
"phage_lambda",17356,17357,0,0,1,1,1
"phage_lambda",17362,17363,0,0,1,1,1
"phage_lambda",17378,17379,0,0,1,1,1
"phage_lambda",17399,17400,0,0,1,1,1
"phage_lambda",17419,17420,0,0,1,1,1
"phage_lambda",17421,17422,0,0,1,1,1
"phage_lambda",17927,17928,0,0,1,1,1
"phage_lambda",17935,17936,0,0,1,1,1
"phage_lambda",17972,17973,0,0,1,1,1
"phage_lambda",17984,17985,0,0,1,1,1
"phage_lambda",18008,18009,0,0,1,1,1
"phage_lambda",18016,18017,0,0,1,1,1
"phage_lambda",18026,18027,0,0,1,1,1
"phage_lambda",18049,18050,0,0,1,1,1
"phage_lambda",18407,18408,0,0,1,1,1
"phage_lambda",18414,18415,0,0,1,1,1
"phage_lambda",18419,18420,0,0,1,1,1
"phage_lambda",18434,18435,0,0,1,1,1
"phage_lambda",18452,18453,0,0,1,1,1
"phage_lambda",18459,18460,0,0,1,1,1
"phage_lambda",18464,18465,0,0,1,1,1
"phage_lambda",18473,18474,0,0,1,1,1
"phage_lambda",18483,18484,0,0,1,1,1
"phage_lambda",18486,18487,0,0,1,1,1
"phage_lambda",18503,18504,0,0,1,1,1
"phage_lambda",18506,18507,0,0,1,1,1
"phage_lambda",18510,18511,0,0,1,1,1
"phage_lambda",18512,18513,0,0,1,1,1
"phage_lambda",18521,18522,0,0,1,1,1
"phage_lambda",18523,18524,0,0,1,1,1
"phage_lambda",18529,18530,0,0,1,1,1
"phage_lambda",18551,18552,0,0,1,1,1
"phage_lambda",18562,18563,0,0,1,1,1
"phage_lambda",18573,18574,0,0,1,1,1
"phage_lambda",19322,19323,0,0,1,1,1
"phage_lambda",19323,19324,0,0,1,1,1
"phage_lambda",19326,19327,0,0,1,1,1
"phage_lambda",19327,19328,0,0,1,1,1
"phage_lambda",19335,19336,0,0,1,1,1
"phage_lambda",19336,19337,0,0,1,1,1
"phage_lambda",19351,19352,0,0,1,1,1
"phage_lambda",19352,19353,0,0,1,1,1
"phage_lambda",19359,19360,0,0,1,1,1
"phage_lambda",19360,19361,0,0,1,1,1
"phage_lambda",19378,19379,0,0,1,1,1
"phage_lambda",19379,19380,0,0,1,1,1
"phage_lambda",19385,19386,0,0,1,1,1
"phage_lambda",19386,19387,0,0,1,1,1
"phage_lambda",19398,19399,0,0,1,1,1
"phage_lambda",19399,19400,0,0,1,1,1
"phage_lambda",19415,19416,0,0,1,1,1
"phage_lambda",19416,19417,0,0,1,1,1
"phage_lambda",19431,19432,0,0,1,1,1
"phage_lambda",19432,19433,0,0,1,1,1
"phage_lambda",19444,19445,0,0,1,1,1
"phage_lambda",19445,19446,0,0,1,1,1
"phage_lambda",19460,19461,0,0,1,1,1
"phage_lambda",19461,19462,0,0,1,1,1
"phage_lambda",19487,19488,0,0,1,1,1
"phage_lambda",19488,19489,0,0,1,1,1
"phage_lambda",19493,19494,0,0,1,1,1
"phage_lambda",19494,19495,0,0,1,1,1
"phage_lambda",19497,19498,0,0,1,1,1
"phage_lambda",19498,19499,0,0,1,1,1
"phage_lambda",19500,19501,0,0,1,1,1
"phage_lambda",19501,19502,0,0,1,1,1
"phage_lambda",19527,19528,0,0,1,1,1
"phage_lambda",19536,19537,100,1,0,1,1
"phage_lambda",19543,19544,0,0,1,1,1
"phage_lambda",19551,19552,0,0,1,1,1
"phage_lambda",19560,19561,0,0,1,1,1
"phage_lambda",19569,19570,0,0,1,1,1
"phage_lambda",20401,20402,0,0,1,1,1
"phage_lambda",20405,20406,0,0,1,1,1
"phage_lambda",20420,20421,0,0,1,1,1
"phage_lambda",20424,20425,0,0,1,1,1
"phage_lambda",20437,20438,0,0,1,1,1
"phage_lambda",20443,20444,0,0,1,1,1
"phage_lambda",20446,20447,0,0,1,1,1
"phage_lambda",20467,20468,0,0,1,1,1
"phage_lambda",20476,20477,0,0,1,1,1
"phage_lambda",20480,20481,0,0,1,1,1
"phage_lambda",20485,20486,0,0,1,1,1
"phage_lambda",20512,20513,0,0,1,1,1
"phage_lambda",20517,20518,0,0,1,1,1
"phage_lambda",20522,20523,0,0,1,1,1
"phage_lambda",21373,21374,0,0,1,1,1
"phage_lambda",21399,21400,0,0,1,1,1
"phage_lambda",21405,21406,0,0,2,2,2
"phage_lambda",21409,21410,0,0,2,2,2
"phage_lambda",21446,21447,0,0,2,2,2
"phage_lambda",21471,21472,0,0,3,3,3
"phage_lambda",21476,21477,0,0,3,3,3
"phage_lambda",21488,21489,0,0,4,4,4
"phage_lambda",21500,21501,0,0,6,6,6
"phage_lambda",21503,21504,0,0,6,6,6
"phage_lambda",21513,21514,20,1,4,5,5
"phage_lambda",21518,21519,0,0,5,5,5
"phage_lambda",21537,21538,0,0,5,5,5
"phage_lambda",21543,21544,0,0,5,5,5
"phage_lambda",21554,21555,0,0,5,5,5
"phage_lambda",21557,21558,0,0,6,6,6
"phage_lambda",21566,21567,0,0,6,6,6
"phage_lambda",21591,21592,0,0,5,5,5
"phage_lambda",21606,21607,0,0,6,6,6
"phage_lambda",21608,21609,0,0,5,5,5
"phage_lambda",21737,21738,0,0,2,2,2
"phage_lambda",21743,21744,0,0,2,2,2
"phage_lambda",21777,21778,0,0,1,1,1
"phage_lambda",21786,21787,0,0,2,2,2
"phage_lambda",21795,21796,0,0,2,2,2
"phage_lambda",21806,21807,0,0,2,2,2
"phage_lambda",21827,21828,0,0,2,2,2
"phage_lambda",21839,21840,0,0,2,2,2
"phage_lambda",21849,21850,0,0,2,2,2
"phage_lambda",21885,21886,0,0,2,2,2
"phage_lambda",21900,21901,0,0,1,1,1
"phage_lambda",21906,21907,0,0,1,1,1
"phage_lambda",21911,21912,0,0,1,1,1
"phage_lambda",21918,21919,0,0,1,1,1
"phage_lambda",21920,21921,0,0,1,1,1
"phage_lambda",21930,21931,0,0,1,1,1
"phage_lambda",22070,22071,0,0,1,1,1
"phage_lambda",22080,22081,0,0,1,1,1
"phage_lambda",22101,22102,0,0,1,1,1
"phage_lambda",22112,22113,0,0,1,1,1
"phage_lambda",22124,22125,0,0,1,1,1
"phage_lambda",22163,22164,0,0,2,2,2
"phage_lambda",22173,22174,0,0,2,2,2
"phage_lambda",22186,22187,0,0,2,2,2
"phage_lambda",22197,22198,0,0,2,2,2
"phage_lambda",22206,22207,0,0,2,2,2
"phage_lambda",22215,22216,0,0,2,2,2
"phage_lambda",22218,22219,0,0,2,2,2
"phage_lambda",22221,22222,0,0,2,2,2
"phage_lambda",22223,22224,0,0,2,2,2
"phage_lambda",22242,22243,0,0,2,2,2
"phage_lambda",22247,22248,0,0,2,2,2
"phage_lambda",22274,22275,0,0,1,1,1
"phage_lambda",22277,22278,0,0,1,1,1
"phage_lambda",22302,22303,0,0,1,1,1
"phage_lambda",22325,22326,0,0,1,1,1
"phage_lambda",22345,22346,0,0,1,1,1
"phage_lambda",22351,22352,0,0,1,1,1
"phage_lambda",22358,22359,0,0,1,1,1
"phage_lambda",22405,22406,0,0,1,1,1
"phage_lambda",22406,22407,0,0,2,2,2
"phage_lambda",22408,22409,0,0,1,1,1
"phage_lambda",22409,22410,0,0,2,2,2
"phage_lambda",22441,22442,0,0,1,1,1
"phage_lambda",22442,22443,0,0,2,2,2
"phage_lambda",22456,22457,0,0,1,1,1
"phage_lambda",22457,22458,0,0,2,2,2
"phage_lambda",22482,22483,0,0,1,1,1
"phage_lambda",22483,22484,0,0,1,1,1
"phage_lambda",22497,22498,0,0,1,1,1
"phage_lambda",22558,22559,0,0,1,1,1
"phage_lambda",22573,22574,0,0,1,1,1
"phage_lambda",22581,22582,0,0,1,1,1
"phage_lambda",22596,22597,100,1,0,1,1
"phage_lambda",22603,22604,0,0,1,1,1
"phage_lambda",22604,22605,0,0,1,1,1
"phage_lambda",22646,22647,0,0,1,1,1
"phage_lambda",22647,22648,0,0,1,1,1
"phage_lambda",22711,22712,0,0,1,1,1
"phage_lambda",22712,22713,0,0,1,1,1
"phage_lambda",22734,22735,0,0,1,1,1
"phage_lambda",22735,22736,0,0,1,1,1
"phage_lambda",22753,22754,0,0,1,1,1
"phage_lambda",22754,22755,0,0,1,1,1
"phage_lambda",22790,22791,0,0,1,1,1
"phage_lambda",22791,22792,0,0,2,2,2
"phage_lambda",22804,22805,0,0,1,1,1
"phage_lambda",22805,22806,0,0,2,2,2
"phage_lambda",23001,23002,0,0,1,1,1
"phage_lambda",23104,23105,0,0,1,1,1
"phage_lambda",23120,23121,0,0,1,1,1
"phage_lambda",23162,23163,0,0,1,1,1
"phage_lambda",23199,23200,0,0,2,2,2
"phage_lambda",23324,23325,0,0,1,1,1
"phage_lambda",23337,23338,0,0,1,1,1
"phage_lambda",23348,23349,0,0,1,1,1
"phage_lambda",23438,23439,0,0,1,1,1
"phage_lambda",23451,23452,0,0,1,1,1
"phage_lambda",23459,23460,0,0,1,1,1
"phage_lambda",23467,23468,0,0,1,1,1
"phage_lambda",23629,23630,0,0,1,1,1
"phage_lambda",23647,23648,0,0,1,1,1
"phage_lambda",23663,23664,0,0,1,1,1
"phage_lambda",23798,23799,0,0,1,1,1
"phage_lambda",23827,23828,0,0,1,1,1
"phage_lambda",24423,24424,0,0,1,1,1
"phage_lambda",24463,24464,0,0,1,1,1
"phage_lambda",24473,24474,0,0,1,1,1
"phage_lambda",24802,24803,0,0,1,1,1
"phage_lambda",24805,24806,0,0,1,1,1
"phage_lambda",24835,24836,0,0,1,1,1
"phage_lambda",24843,24844,0,0,1,1,1
"phage_lambda",24849,24850,0,0,1,1,1
"phage_lambda",25343,25344,0,0,1,1,1
"phage_lambda",25363,25364,0,0,1,1,1
"phage_lambda",25376,25377,0,0,1,1,1
"phage_lambda",25432,25433,0,0,2,2,2
"phage_lambda",25443,25444,0,0,2,2,2
"phage_lambda",25448,25449,0,0,2,2,2
"phage_lambda",25515,25516,0,0,2,2,2
"phage_lambda",25522,25523,0,0,2,2,2
"phage_lambda",25574,25575,0,0,1,1,1
"phage_lambda",25802,25803,0,0,1,1,1
"phage_lambda",25823,25824,0,0,1,1,1
"phage_lambda",25829,25830,0,0,1,1,1
"phage_lambda",25886,25887,0,0,1,1,1
"phage_lambda",25938,25939,0,0,2,2,2
"phage_lambda",25964,25965,0,0,2,2,2
"phage_lambda",26113,26114,0,0,1,1,1
"phage_lambda",26114,26115,0,0,2,2,2
"phage_lambda",26120,26121,0,0,1,1,1
"phage_lambda",26121,26122,0,0,2,2,2
"phage_lambda",26238,26239,0,0,1,1,1
"phage_lambda",26239,26240,0,0,1,1,1
"phage_lambda",26254,26255,0,0,1,1,1
"phage_lambda",26258,26259,0,0,1,1,1
"phage_lambda",26286,26287,0,0,1,1,1
"phage_lambda",26591,26592,0,0,1,1,1
"phage_lambda",26609,26610,0,0,1,1,1
"phage_lambda",26617,26618,0,0,1,1,1
"phage_lambda",26675,26676,0,0,1,1,1
"phage_lambda",26820,26821,0,0,1,1,1
"phage_lambda",26826,26827,0,0,1,1,1
"phage_lambda",27060,27061,0,0,1,1,1
"phage_lambda",27096,27097,0,0,1,1,1
"phage_lambda",27104,27105,0,0,1,1,1
"phage_lambda",27571,27572,0,0,1,1,1
"phage_lambda",27572,27573,0,0,1,1,1
"phage_lambda",27710,27711,0,0,2,2,2
"phage_lambda",27711,27712,0,0,1,1,1
"phage_lambda",27717,27718,0,0,2,2,2
"phage_lambda",27718,27719,0,0,1,1,1
"phage_lambda",27779,27780,0,0,1,1,1
"phage_lambda",27854,27855,0,0,3,3,3
"phage_lambda",27877,27878,0,0,3,3,3
"phage_lambda",27888,27889,0,0,3,3,3
"phage_lambda",27912,27913,0,0,2,2,2
"phage_lambda",27950,27951,0,0,2,2,2
"phage_lambda",27957,27958,0,0,2,2,2
"phage_lambda",27970,27971,0,0,1,1,1
"phage_lambda",27981,27982,0,0,1,1,1
"phage_lambda",28004,28005,0,0,1,1,1
"phage_lambda",28005,28006,0,0,1,1,1
"phage_lambda",28008,28009,0,0,1,1,1
"phage_lambda",28009,28010,0,0,2,2,2
"phage_lambda",28010,28011,0,0,1,1,1
"phage_lambda",28011,28012,0,0,2,2,2
"phage_lambda",28035,28036,0,0,1,1,1
"phage_lambda",28036,28037,0,0,2,2,2
"phage_lambda",28045,28046,0,0,1,1,1
"phage_lambda",28046,28047,0,0,2,2,2
"phage_lambda",28050,28051,0,0,1,1,1
"phage_lambda",28051,28052,0,0,2,2,2
"phage_lambda",28052,28053,0,0,1,1,1
"phage_lambda",28053,28054,0,0,2,2,2
"phage_lambda",28055,28056,0,0,1,1,1
"phage_lambda",28056,28057,0,0,2,2,2
"phage_lambda",28188,28189,0,0,1,1,1
"phage_lambda",28209,28210,0,0,1,1,1
"phage_lambda",28230,28231,0,0,1,1,1
"phage_lambda",28247,28248,0,0,2,2,2
"phage_lambda",28254,28255,0,0,2,2,2
"phage_lambda",28332,28333,0,0,1,1,1
"phage_lambda",28339,28340,0,0,1,1,1
"phage_lambda",28376,28377,100,1,0,1,1
"phage_lambda",28386,28387,100,1,0,1,1
"phage_lambda",28427,28428,100,1,0,1,1
"phage_lambda",28437,28438,100,1,0,1,1
"phage_lambda",28468,28469,100,1,0,1,1
"phage_lambda",28471,28472,100,1,0,1,1
"phage_lambda",28482,28483,100,1,0,1,1
"phage_lambda",28507,28508,100,1,0,1,1
"phage_lambda",28632,28633,0,0,1,1,1
"phage_lambda",28633,28634,0,0,1,1,1
"phage_lambda",28637,28638,0,0,1,1,1
"phage_lambda",28638,28639,0,0,1,1,1
"phage_lambda",28657,28658,0,0,1,1,1
"phage_lambda",28658,28659,0,0,1,1,1
"phage_lambda",28662,28663,0,0,1,1,1
"phage_lambda",28663,28664,0,0,1,1,1
"phage_lambda",28684,28685,0,0,1,1,1
"phage_lambda",28685,28686,0,0,1,1,1
"phage_lambda",28752,28753,0,0,1,1,1
"phage_lambda",28757,28758,0,0,1,1,1
"phage_lambda",28789,28790,0,0,1,1,1
"phage_lambda",29038,29039,0,0,1,1,1
"phage_lambda",29041,29042,0,0,1,1,1
"phage_lambda",29047,29048,0,0,1,1,1
"phage_lambda",29051,29052,0,0,1,1,1
"phage_lambda",29079,29080,0,0,1,1,1
"phage_lambda",29090,29091,0,0,1,1,1
"phage_lambda",29100,29101,0,0,1,1,1
"phage_lambda",29113,29114,100,1,0,1,1
"phage_lambda",29123,29124,100,1,0,1,1
"phage_lambda",29152,29153,0,0,1,1,1
"phage_lambda",29165,29166,0,0,1,1,1
"phage_lambda",29184,29185,0,0,1,1,1
"phage_lambda",29204,29205,0,0,2,2,2
"phage_lambda",29213,29214,0,0,2,2,2
"phage_lambda",29226,29227,0,0,2,2,2
"phage_lambda",29231,29232,0,0,2,2,2
"phage_lambda",29275,29276,0,0,2,2,2
"phage_lambda",29310,29311,0,0,1,1,1
"phage_lambda",29313,29314,0,0,1,1,1
"phage_lambda",29318,29319,0,0,1,1,1
"phage_lambda",29341,29342,0,0,1,1,1
"phage_lambda",29343,29344,0,0,1,1,1
"phage_lambda",29349,29350,0,0,1,1,1
"phage_lambda",29421,29422,0,0,1,1,1
"phage_lambda",29427,29428,0,0,1,1,1
"phage_lambda",29445,29446,0,0,1,1,1
"phage_lambda",29462,29463,0,0,1,1,1
"phage_lambda",29526,29527,0,0,1,1,1
"phage_lambda",29527,29528,0,0,1,1,1
"phage_lambda",29564,29565,0,0,1,1,1
"phage_lambda",29565,29566,0,0,2,2,2
"phage_lambda",29591,29592,0,0,1,1,1
"phage_lambda",29592,29593,0,0,2,2,2
"phage_lambda",29613,29614,0,0,1,1,1
"phage_lambda",29614,29615,0,0,1,1,1
"phage_lambda",29679,29680,0,0,1,1,1
"phage_lambda",29680,29681,0,0,1,1,1
"phage_lambda",29692,29693,0,0,1,1,1
"phage_lambda",29693,29694,0,0,1,1,1
"phage_lambda",29740,29741,0,0,1,1,1
"phage_lambda",29741,29742,0,0,2,2,2
"phage_lambda",29753,29754,0,0,1,1,1
"phage_lambda",29754,29755,0,0,2,2,2
"phage_lambda",29785,29786,0,0,1,1,1
"phage_lambda",29786,29787,0,0,2,2,2
"phage_lambda",29796,29797,0,0,1,1,1
"phage_lambda",29797,29798,0,0,2,2,2
"phage_lambda",29799,29800,0,0,1,1,1
"phage_lambda",29800,29801,0,0,2,2,2
"phage_lambda",29801,29802,0,0,1,1,1
"phage_lambda",29802,29803,0,0,2,2,2
"phage_lambda",29823,29824,0,0,1,1,1
"phage_lambda",29824,29825,0,0,1,1,1
"phage_lambda",29841,29842,0,0,1,1,1
"phage_lambda",29842,29843,0,0,1,1,1
"phage_lambda",29862,29863,0,0,1,1,1
"phage_lambda",29863,29864,0,0,1,1,1
"phage_lambda",29872,29873,0,0,1,1,1
"phage_lambda",29873,29874,0,0,1,1,1
"phage_lambda",29929,29930,0,0,1,1,1
"phage_lambda",29937,29938,0,0,1,1,1
"phage_lambda",29942,29943,0,0,1,1,1
"phage_lambda",29953,29954,0,0,2,2,2
"phage_lambda",29966,29967,0,0,2,2,2
"phage_lambda",29977,29978,0,0,2,2,2
"phage_lambda",29988,29989,0,0,2,2,2
"phage_lambda",30048,30049,0,0,3,3,3
"phage_lambda",30070,30071,0,0,3,3,3
"phage_lambda",30078,30079,0,0,3,3,3
"phage_lambda",30085,30086,0,0,3,3,3
"phage_lambda",30108,30109,0,0,2,2,2
"phage_lambda",30122,30123,0,0,1,1,1
"phage_lambda",30136,30137,0,0,1,1,1
"phage_lambda",30147,30148,0,0,1,1,1
"phage_lambda",30154,30155,0,0,1,1,1
"phage_lambda",30189,30190,0,0,3,3,3
"phage_lambda",30190,30191,0,0,1,1,1
"phage_lambda",30209,30210,0,0,2,2,2
"phage_lambda",30210,30211,0,0,1,1,1
"phage_lambda",30220,30221,0,0,2,2,2
"phage_lambda",30221,30222,0,0,1,1,1
"phage_lambda",30232,30233,0,0,2,2,2
"phage_lambda",30233,30234,0,0,1,1,1
"phage_lambda",30234,30235,0,0,2,2,2
"phage_lambda",30235,30236,0,0,1,1,1
"phage_lambda",30237,30238,0,0,2,2,2
"phage_lambda",30238,30239,0,0,1,1,1
"phage_lambda",30264,30265,0,0,3,3,3
"phage_lambda",30265,30266,0,0,1,1,1
"phage_lambda",30290,30291,0,0,3,3,3
"phage_lambda",30291,30292,0,0,1,1,1
"phage_lambda",30322,30323,0,0,2,2,2
"phage_lambda",30337,30338,0,0,1,1,1
"phage_lambda",30359,30360,0,0,2,2,2
"phage_lambda",30360,30361,0,0,1,1,1
"phage_lambda",30366,30367,0,0,2,2,2
"phage_lambda",30367,30368,0,0,1,1,1
"phage_lambda",30388,30389,0,0,1,1,1
"phage_lambda",30389,30390,0,0,1,1,1
"phage_lambda",30397,30398,0,0,1,1,1
"phage_lambda",30398,30399,0,0,1,1,1
"phage_lambda",30452,30453,0,0,1,1,1
"phage_lambda",30453,30454,0,0,1,1,1
"phage_lambda",30465,30466,0,0,1,1,1
"phage_lambda",30466,30467,0,0,1,1,1
"phage_lambda",30473,30474,0,0,1,1,1
"phage_lambda",30474,30475,0,0,1,1,1
"phage_lambda",30479,30480,0,0,1,1,1
"phage_lambda",30480,30481,0,0,1,1,1
"phage_lambda",30490,30491,0,0,1,1,1
"phage_lambda",30491,30492,0,0,1,1,1
"phage_lambda",30495,30496,0,0,1,1,1
"phage_lambda",30496,30497,0,0,1,1,1
"phage_lambda",30542,30543,0,0,1,1,1
"phage_lambda",30545,30546,0,0,1,1,1
"phage_lambda",30566,30567,0,0,1,1,1
"phage_lambda",30731,30732,0,0,1,1,1
"phage_lambda",30743,30744,0,0,1,1,1
"phage_lambda",30765,30766,0,0,1,1,1
"phage_lambda",30783,30784,0,0,1,1,1
"phage_lambda",30789,30790,0,0,1,1,1
"phage_lambda",30794,30795,0,0,1,1,1
"phage_lambda",30796,30797,0,0,1,1,1
"phage_lambda",30812,30813,0,0,1,1,1
"phage_lambda",30817,30818,0,0,1,1,1
"phage_lambda",30830,30831,0,0,1,1,1
"phage_lambda",30833,30834,0,0,1,1,1
"phage_lambda",30843,30844,0,0,1,1,1
"phage_lambda",30945,30946,0,0,1,1,1
"phage_lambda",30975,30976,0,0,1,1,1
"phage_lambda",30976,30977,0,0,1,1,1
"phage_lambda",30996,30997,0,0,1,1,1
"phage_lambda",30997,30998,0,0,1,1,1
"phage_lambda",31037,31038,0,0,1,1,1
"phage_lambda",31038,31039,0,0,1,1,1
"phage_lambda",31072,31073,0,0,1,1,1
"phage_lambda",31073,31074,0,0,1,1,1
"phage_lambda",31079,31080,0,0,1,1,1
"phage_lambda",31080,31081,0,0,1,1,1
"phage_lambda",31093,31094,0,0,1,1,1
"phage_lambda",31094,31095,0,0,1,1,1
"phage_lambda",31157,31158,0,0,2,2,2
"phage_lambda",31164,31165,0,0,2,2,2
"phage_lambda",31206,31207,0,0,1,1,1
"phage_lambda",31233,31234,0,0,1,1,1
"phage_lambda",31254,31255,0,0,2,2,2
"phage_lambda",31270,31271,0,0,1,1,1
"phage_lambda",31287,31288,0,0,1,1,1
"phage_lambda",31297,31298,0,0,1,1,1
"phage_lambda",31306,31307,0,0,1,1,1
"phage_lambda",31318,31319,0,0,1,1,1
"phage_lambda",31326,31327,0,0,1,1,1
"phage_lambda",31336,31337,0,0,1,1,1
"phage_lambda",31346,31347,0,0,1,1,1
"phage_lambda",31352,31353,0,0,1,1,1
"phage_lambda",31395,31396,50,1,1,2,2
"phage_lambda",31407,31408,0,0,2,2,2
"phage_lambda",31417,31418,50,1,1,2,2
"phage_lambda",31422,31423,0,0,2,2,2
"phage_lambda",31428,31429,0,0,2,2,2
"phage_lambda",31438,31439,0,0,2,2,2
"phage_lambda",31457,31458,0,0,1,1,1
"phage_lambda",31467,31468,0,0,1,1,1
"phage_lambda",31487,31488,0,0,1,1,1
"phage_lambda",31496,31497,0,0,1,1,1
"phage_lambda",31498,31499,0,0,1,1,1
"phage_lambda",31532,31533,0,0,1,1,1
"phage_lambda",31534,31535,0,0,1,1,1
"phage_lambda",31619,31620,0,0,1,1,1
"phage_lambda",31630,31631,0,0,1,1,1
"phage_lambda",31650,31651,0,0,1,1,1
"phage_lambda",31656,31657,0,0,1,1,1
"phage_lambda",31674,31675,0,0,1,1,1
"phage_lambda",31686,31687,0,0,1,1,1
"phage_lambda",31691,31692,0,0,1,1,1
"phage_lambda",31701,31702,0,0,1,1,1
"phage_lambda",31704,31705,0,0,1,1,1
"phage_lambda",31706,31707,0,0,1,1,1
"phage_lambda",31717,31718,0,0,1,1,1
"phage_lambda",31737,31738,0,0,1,1,1
"phage_lambda",31740,31741,0,0,1,1,1
"phage_lambda",31767,31768,0,0,1,1,1
"phage_lambda",31770,31771,0,0,1,1,1
"phage_lambda",31776,31777,0,0,1,1,1
"phage_lambda",31806,31807,0,0,1,1,1
"phage_lambda",31816,31817,0,0,1,1,1
"phage_lambda",31827,31828,0,0,1,1,1
"phage_lambda",32112,32113,100,1,0,1,1
"phage_lambda",32119,32120,0,0,1,1,1
"phage_lambda",32121,32122,0,0,1,1,1
"phage_lambda",32124,32125,0,0,1,1,1
"phage_lambda",32144,32145,100,1,0,1,1
"phage_lambda",32145,32146,0,0,1,1,1
"phage_lambda",32156,32157,0,0,1,1,1
"phage_lambda",32180,32181,0,0,1,1,1
"phage_lambda",32216,32217,0,0,1,1,1
"phage_lambda",32223,32224,0,0,1,1,1
"phage_lambda",32234,32235,0,0,1,1,1
"phage_lambda",32236,32237,0,0,1,1,1
"phage_lambda",32241,32242,0,0,1,1,1
"phage_lambda",32248,32249,0,0,1,1,1
"phage_lambda",32273,32274,0,0,1,1,1
"phage_lambda",32281,32282,0,0,1,1,1
"phage_lambda",32285,32286,0,0,1,1,1
"phage_lambda",32318,32319,0,0,1,1,1
"phage_lambda",32329,32330,0,0,1,1,1
"phage_lambda",32356,32357,0,0,1,1,1
"phage_lambda",32365,32366,0,0,1,1,1
"phage_lambda",32426,32427,0,0,1,1,1
"phage_lambda",32428,32429,0,0,1,1,1
"phage_lambda",32431,32432,0,0,1,1,1
"phage_lambda",32450,32451,0,0,1,1,1
"phage_lambda",32456,32457,0,0,1,1,1
"phage_lambda",32463,32464,0,0,1,1,1
"phage_lambda",32473,32474,0,0,1,1,1
"phage_lambda",32482,32483,0,0,1,1,1
"phage_lambda",32491,32492,0,0,1,1,1
"phage_lambda",32560,32561,0,0,1,1,1
"phage_lambda",32576,32577,0,0,1,1,1
"phage_lambda",32586,32587,0,0,1,1,1
"phage_lambda",32591,32592,0,0,1,1,1
"phage_lambda",32618,32619,0,0,1,1,1
"phage_lambda",32631,32632,0,0,1,1,1
"phage_lambda",32637,32638,0,0,1,1,1
"phage_lambda",32648,32649,0,0,1,1,1
"phage_lambda",32663,32664,0,0,1,1,1
"phage_lambda",32675,32676,0,0,1,1,1
"phage_lambda",32685,32686,0,0,1,1,1
"phage_lambda",32690,32691,0,0,1,1,1
"phage_lambda",32712,32713,0,0,1,1,1
"phage_lambda",32870,32871,0,0,1,1,1
"phage_lambda",32871,32872,100,1,0,1,1
"phage_lambda",32888,32889,0,0,1,1,1
"phage_lambda",32889,32890,100,1,0,1,1
"phage_lambda",32907,32908,0,0,1,1,1
"phage_lambda",32908,32909,100,1,0,1,1
"phage_lambda",32918,32919,100,1,0,1,1
"phage_lambda",32922,32923,100,1,0,1,1
"phage_lambda",32947,32948,100,1,0,1,1
"phage_lambda",32952,32953,100,1,0,1,1
"phage_lambda",32965,32966,100,1,0,1,1
"phage_lambda",32975,32976,100,1,0,1,1
"phage_lambda",33013,33014,50,1,1,2,2
"phage_lambda",33042,33043,0,0,1,1,1
"phage_lambda",33046,33047,0,0,1,1,1
"phage_lambda",33063,33064,0,0,1,1,1
"phage_lambda",33065,33066,0,0,1,1,1
"phage_lambda",33087,33088,0,0,1,1,1
"phage_lambda",33693,33694,0,0,1,1,1
"phage_lambda",33724,33725,0,0,1,1,1
"phage_lambda",33759,33760,0,0,1,1,1
"phage_lambda",33773,33774,0,0,1,1,1
"phage_lambda",33831,33832,0,0,1,1,1
"phage_lambda",33840,33841,0,0,1,1,1
"phage_lambda",33997,33998,0,0,1,1,1
"phage_lambda",34001,34002,0,0,1,1,1
"phage_lambda",34012,34013,0,0,1,1,1
"phage_lambda",34024,34025,0,0,1,1,1
"phage_lambda",34135,34136,0,0,2,2,2
"phage_lambda",34138,34139,0,0,2,2,2
"phage_lambda",34142,34143,0,0,2,2,2
"phage_lambda",34158,34159,0,0,2,2,2
"phage_lambda",34216,34217,0,0,1,1,1
"phage_lambda",34241,34242,0,0,1,1,1
"phage_lambda",34279,34280,0,0,1,1,1
"phage_lambda",34289,34290,0,0,1,1,1
"phage_lambda",34333,34334,0,0,1,1,1
"phage_lambda",34508,34509,0,0,1,1,1
"phage_lambda",34516,34517,0,0,1,1,1
"phage_lambda",34517,34518,0,0,1,1,1
"phage_lambda",34520,34521,0,0,1,1,1
"phage_lambda",34521,34522,0,0,1,1,1
"phage_lambda",34564,34565,0,0,2,2,2
"phage_lambda",34565,34566,0,0,1,1,1
"phage_lambda",34630,34631,0,0,2,2,2
"phage_lambda",34657,34658,0,0,3,3,3
"phage_lambda",34677,34678,0,0,3,3,3
"phage_lambda",34697,34698,0,0,2,2,2
"phage_lambda",34717,34718,0,0,2,2,2
"phage_lambda",34730,34731,0,0,2,2,2
"phage_lambda",34748,34749,50,1,1,2,2
"phage_lambda",34765,34766,0,0,2,2,2
"phage_lambda",34775,34776,0,0,2,2,2
"phage_lambda",34822,34823,0,0,1,1,1
"phage_lambda",35052,35053,0,0,1,1,1
"phage_lambda",35074,35075,0,0,1,1,1
"phage_lambda",35093,35094,0,0,1,1,1
"phage_lambda",35095,35096,0,0,1,1,1
"phage_lambda",35099,35100,100,1,0,1,1
"phage_lambda",35121,35122,0,0,1,1,1
"phage_lambda",35122,35123,0,0,1,1,1
"phage_lambda",35133,35134,0,0,1,1,1
"phage_lambda",35134,35135,0,0,1,1,1
"phage_lambda",35142,35143,0,0,1,1,1
"phage_lambda",35198,35199,0,0,1,1,1
"phage_lambda",35209,35210,0,0,1,1,1
"phage_lambda",35220,35221,0,0,1,1,1
"phage_lambda",35228,35229,0,0,1,1,1
"phage_lambda",35235,35236,0,0,1,1,1
"phage_lambda",35243,35244,0,0,1,1,1
"phage_lambda",35256,35257,0,0,1,1,1
"phage_lambda",35272,35273,0,0,1,1,1
"phage_lambda",35327,35328,0,0,1,1,1
"phage_lambda",35329,35330,0,0,1,1,1
"phage_lambda",35332,35333,0,0,1,1,1
"phage_lambda",35336,35337,0,0,1,1,1
"phage_lambda",35338,35339,0,0,1,1,1
"phage_lambda",35341,35342,0,0,1,1,1
"phage_lambda",35344,35345,0,0,1,1,1
"phage_lambda",35413,35414,0,0,1,1,1
"phage_lambda",35414,35415,0,0,1,1,1
"phage_lambda",35424,35425,0,0,1,1,1
"phage_lambda",35426,35427,0,0,1,1,1
"phage_lambda",35450,35451,0,0,1,1,1
"phage_lambda",35456,35457,0,0,1,1,1
"phage_lambda",35464,35465,0,0,1,1,1
"phage_lambda",35465,35466,0,0,1,1,1
"phage_lambda",35476,35477,0,0,1,1,1
"phage_lambda",35477,35478,0,0,1,1,1
"phage_lambda",35481,35482,0,0,1,1,1
"phage_lambda",35482,35483,0,0,1,1,1
"phage_lambda",35548,35549,0,0,1,1,1
"phage_lambda",35821,35822,0,0,1,1,1
"phage_lambda",35885,35886,0,0,1,1,1
"phage_lambda",35902,35903,0,0,1,1,1
"phage_lambda",35908,35909,0,0,1,1,1
"phage_lambda",35929,35930,0,0,1,1,1
"phage_lambda",35956,35957,0,0,1,1,1
"phage_lambda",36337,36338,0,0,1,1,1
"phage_lambda",36392,36393,0,0,1,1,1
"phage_lambda",36442,36443,0,0,1,1,1
"phage_lambda",36646,36647,0,0,1,1,1
"phage_lambda",36653,36654,0,0,1,1,1
"phage_lambda",36657,36658,0,0,1,1,1
"phage_lambda",36681,36682,0,0,1,1,1
"phage_lambda",36720,36721,0,0,1,1,1
"phage_lambda",36722,36723,0,0,1,1,1
"phage_lambda",36753,36754,0,0,1,1,1
"phage_lambda",36774,36775,0,0,1,1,1
"phage_lambda",36784,36785,0,0,1,1,1
"phage_lambda",36789,36790,0,0,1,1,1
"phage_lambda",36819,36820,0,0,1,1,1
"phage_lambda",36858,36859,0,0,1,1,1
"phage_lambda",36867,36868,0,0,1,1,1
"phage_lambda",36905,36906,0,0,1,1,1
"phage_lambda",37058,37059,0,0,1,1,1
"phage_lambda",37093,37094,0,0,1,1,1
"phage_lambda",37168,37169,0,0,1,1,1
"phage_lambda",37203,37204,0,0,1,1,1
"phage_lambda",37668,37669,0,0,1,1,1
"phage_lambda",37682,37683,0,0,1,1,1
"phage_lambda",37697,37698,0,0,1,1,1
"phage_lambda",37721,37722,0,0,1,1,1
"phage_lambda",37751,37752,0,0,1,1,1
"phage_lambda",37754,37755,0,0,1,1,1
"phage_lambda",37799,37800,0,0,1,1,1
"phage_lambda",37887,37888,0,0,1,1,1
"phage_lambda",37888,37889,0,0,1,1,1
"phage_lambda",37890,37891,0,0,1,1,1
"phage_lambda",37891,37892,0,0,1,1,1
"phage_lambda",37894,37895,0,0,1,1,1
"phage_lambda",37895,37896,0,0,1,1,1
"phage_lambda",37941,37942,0,0,1,1,1
"phage_lambda",37942,37943,0,0,1,1,1
"phage_lambda",37956,37957,0,0,1,1,1
"phage_lambda",37957,37958,0,0,1,1,1
"phage_lambda",37979,37980,0,0,1,1,1
"phage_lambda",37980,37981,0,0,1,1,1
"phage_lambda",37983,37984,0,0,1,1,1
"phage_lambda",37984,37985,0,0,1,1,1
"phage_lambda",38109,38110,0,0,1,1,1
"phage_lambda",38112,38113,0,0,1,1,1
"phage_lambda",38124,38125,0,0,1,1,1
"phage_lambda",38126,38127,0,0,1,1,1
"phage_lambda",38152,38153,0,0,1,1,1
"phage_lambda",38175,38176,100,1,0,1,1
"phage_lambda",38187,38188,100,1,0,1,1
"phage_lambda",38195,38196,0,0,1,1,1
"phage_lambda",38216,38217,0,0,1,1,1
"phage_lambda",38249,38250,0,0,1,1,1
"phage_lambda",38760,38761,0,0,1,1,1
"phage_lambda",38772,38773,0,0,1,1,1
"phage_lambda",38807,38808,0,0,1,1,1
"phage_lambda",38811,38812,0,0,1,1,1
"phage_lambda",38827,38828,0,0,1,1,1
"phage_lambda",38857,38858,0,0,1,1,1
"phage_lambda",38898,38899,0,0,1,1,1
"phage_lambda",38964,38965,0,0,1,1,1
"phage_lambda",38994,38995,0,0,1,1,1
"phage_lambda",39045,39046,0,0,1,1,1
"phage_lambda",39065,39066,0,0,1,1,1
"phage_lambda",39161,39162,0,0,2,2,2
"phage_lambda",39177,39178,0,0,2,2,2
"phage_lambda",39201,39202,0,0,2,2,2
"phage_lambda",39221,39222,0,0,2,2,2
"phage_lambda",39240,39241,0,0,1,1,1
"phage_lambda",39272,39273,0,0,1,1,1
"phage_lambda",39275,39276,0,0,1,1,1
"phage_lambda",39308,39309,0,0,1,1,1
"phage_lambda",39328,39329,0,0,1,1,1
"phage_lambda",39350,39351,0,0,1,1,1
"phage_lambda",39357,39358,0,0,1,1,1
"phage_lambda",39366,39367,0,0,1,1,1
"phage_lambda",39372,39373,0,0,1,1,1
"phage_lambda",39377,39378,0,0,1,1,1
"phage_lambda",39381,39382,0,0,1,1,1
"phage_lambda",39390,39391,0,0,1,1,1
"phage_lambda",39411,39412,0,0,1,1,1
"phage_lambda",39440,39441,0,0,1,1,1
"phage_lambda",39446,39447,0,0,1,1,1
"phage_lambda",39457,39458,0,0,1,1,1
"phage_lambda",39468,39469,0,0,1,1,1
"phage_lambda",39470,39471,0,0,1,1,1
"phage_lambda",39488,39489,0,0,1,1,1
"phage_lambda",39489,39490,0,0,1,1,1
"phage_lambda",39498,39499,0,0,1,1,1
"phage_lambda",39499,39500,0,0,1,1,1
"phage_lambda",39518,39519,0,0,1,1,1
"phage_lambda",39519,39520,0,0,1,1,1
"phage_lambda",39542,39543,0,0,1,1,1
"phage_lambda",39543,39544,0,0,1,1,1
"phage_lambda",39570,39571,0,0,1,1,1
"phage_lambda",39593,39594,0,0,1,1,1
"phage_lambda",39596,39597,50,1,1,2,2
"phage_lambda",39618,39619,0,0,2,2,2
"phage_lambda",39630,39631,0,0,1,1,1
"phage_lambda",39633,39634,0,0,1,1,1
"phage_lambda",39638,39639,0,0,1,1,1
"phage_lambda",39652,39653,0,0,1,1,1
"phage_lambda",39662,39663,0,0,1,1,1
"phage_lambda",39665,39666,0,0,1,1,1
"phage_lambda",39673,39674,0,0,1,1,1
"phage_lambda",39690,39691,0,0,1,1,1
"phage_lambda",39691,39692,0,0,1,1,1
"phage_lambda",39703,39704,0,0,1,1,1
"phage_lambda",39704,39705,0,0,1,1,1
"phage_lambda",39735,39736,0,0,1,1,1
"phage_lambda",39736,39737,0,0,1,1,1
"phage_lambda",39738,39739,0,0,1,1,1
"phage_lambda",39739,39740,0,0,1,1,1
"phage_lambda",39752,39753,0,0,1,1,1
"phage_lambda",39753,39754,0,0,1,1,1
"phage_lambda",39763,39764,0,0,1,1,1
"phage_lambda",39764,39765,0,0,1,1,1
"phage_lambda",39772,39773,0,0,1,1,1
"phage_lambda",39773,39774,0,0,1,1,1
"phage_lambda",39779,39780,0,0,1,1,1
"phage_lambda",39780,39781,0,0,1,1,1
"phage_lambda",39782,39783,0,0,1,1,1
"phage_lambda",39783,39784,0,0,1,1,1
"phage_lambda",39803,39804,0,0,1,1,1
"phage_lambda",39804,39805,0,0,2,2,2
"phage_lambda",39811,39812,0,0,1,1,1
"phage_lambda",39812,39813,0,0,2,2,2
"phage_lambda",39822,39823,0,0,1,1,1
"phage_lambda",39823,39824,0,0,2,2,2
"phage_lambda",39838,39839,0,0,1,1,1
"phage_lambda",39839,39840,0,0,2,2,2
"phage_lambda",39848,39849,0,0,1,1,1
"phage_lambda",39849,39850,0,0,2,2,2
"phage_lambda",39850,39851,0,0,1,1,1
"phage_lambda",39851,39852,0,0,2,2,2
"phage_lambda",39857,39858,0,0,1,1,1
"phage_lambda",39858,39859,0,0,2,2,2
"phage_lambda",39860,39861,0,0,1,1,1
"phage_lambda",39861,39862,0,0,2,2,2
"phage_lambda",39869,39870,0,0,1,1,1
"phage_lambda",39870,39871,0,0,2,2,2
"phage_lambda",39889,39890,0,0,1,1,1
"phage_lambda",39890,39891,0,0,2,2,2
"phage_lambda",39912,39913,0,0,2,2,2
"phage_lambda",39926,39927,0,0,2,2,2
"phage_lambda",39932,39933,0,0,2,2,2
"phage_lambda",39935,39936,0,0,2,2,2
"phage_lambda",39947,39948,0,0,2,2,2
"phage_lambda",39953,39954,0,0,1,1,1
"phage_lambda",39974,39975,0,0,1,1,1
"phage_lambda",39984,39985,0,0,1,1,1
"phage_lambda",39990,39991,0,0,1,1,1
"phage_lambda",40003,40004,0,0,1,1,1
"phage_lambda",40096,40097,0,0,1,1,1
"phage_lambda",40104,40105,0,0,1,1,1
"phage_lambda",40107,40108,0,0,1,1,1
"phage_lambda",40115,40116,0,0,1,1,1
"phage_lambda",40140,40141,0,0,1,1,1
"phage_lambda",40141,40142,0,0,1,1,1
"phage_lambda",40151,40152,0,0,1,1,1
"phage_lambda",40152,40153,0,0,1,1,1
"phage_lambda",40161,40162,0,0,1,1,1
"phage_lambda",40162,40163,0,0,1,1,1
"phage_lambda",40198,40199,0,0,1,1,1
"phage_lambda",40214,40215,0,0,1,1,1
"phage_lambda",40230,40231,0,0,1,1,1
"phage_lambda",40237,40238,0,0,1,1,1
"phage_lambda",40258,40259,0,0,1,1,1
"phage_lambda",40283,40284,0,0,1,1,1
"phage_lambda",40284,40285,0,0,1,1,1
"phage_lambda",40317,40318,0,0,1,1,1
"phage_lambda",40335,40336,0,0,1,1,1
"phage_lambda",40338,40339,0,0,1,1,1
"phage_lambda",40342,40343,0,0,1,1,1
"phage_lambda",40348,40349,0,0,1,1,1
"phage_lambda",40350,40351,0,0,1,1,1
"phage_lambda",40360,40361,0,0,1,1,1
"phage_lambda",40387,40388,0,0,1,1,1
"phage_lambda",40389,40390,0,0,1,1,1
"phage_lambda",40403,40404,0,0,1,1,1
"phage_lambda",40474,40475,0,0,1,1,1
"phage_lambda",40493,40494,0,0,1,1,1
"phage_lambda",40516,40517,0,0,1,1,1
"phage_lambda",40527,40528,0,0,1,1,1
"phage_lambda",40529,40530,0,0,1,1,1
"phage_lambda",40537,40538,0,0,1,1,1
"phage_lambda",40547,40548,0,0,1,1,1
"phage_lambda",40610,40611,0,0,1,1,1
"phage_lambda",40955,40956,0,0,1,1,1
"phage_lambda",40963,40964,0,0,1,1,1
"phage_lambda",40971,40972,0,0,1,1,1
"phage_lambda",40999,41000,0,0,1,1,1
"phage_lambda",41009,41010,0,0,1,1,1
"phage_lambda",41014,41015,0,0,1,1,1
"phage_lambda",41029,41030,0,0,1,1,1
"phage_lambda",41034,41035,0,0,1,1,1
"phage_lambda",41058,41059,0,0,1,1,1
"phage_lambda",41091,41092,50,1,1,2,2
"phage_lambda",41103,41104,50,1,1,2,2
"phage_lambda",41114,41115,50,1,1,2,2
"phage_lambda",41149,41150,50,1,1,2,2
"phage_lambda",41152,41153,50,1,1,2,2
"phage_lambda",41166,41167,50,1,1,2,2
"phage_lambda",41175,41176,50,1,1,2,2
"phage_lambda",41215,41216,100,1,0,1,1
"phage_lambda",41252,41253,0,0,1,1,1
"phage_lambda",41259,41260,0,0,1,1,1
"phage_lambda",41282,41283,0,0,1,1,1
"phage_lambda",41309,41310,50,1,1,2,2
"phage_lambda",41336,41337,50,1,1,2,2
"phage_lambda",41338,41339,50,1,1,2,2
"phage_lambda",41364,41365,50,1,1,2,2
"phage_lambda",41394,41395,50,1,1,2,2
"phage_lambda",41397,41398,0,0,1,1,1
"phage_lambda",41400,41401,50,1,1,2,2
"phage_lambda",41403,41404,50,1,1,2,2
"phage_lambda",41405,41406,0,0,1,1,1
"phage_lambda",41430,41431,100,1,0,1,1
"phage_lambda",41483,41484,0,0,2,2,2
"phage_lambda",41510,41511,0,0,2,2,2
"phage_lambda",41515,41516,0,0,2,2,2
"phage_lambda",41583,41584,0,0,3,3,3
"phage_lambda",41607,41608,0,0,3,3,3
"phage_lambda",41621,41622,0,0,2,2,2
"phage_lambda",41631,41632,0,0,2,2,2
"phage_lambda",41663,41664,0,0,2,2,2
"phage_lambda",41673,41674,0,0,2,2,2
"phage_lambda",41707,41708,0,0,1,1,1
"phage_lambda",42086,42087,0,0,1,1,1
"phage_lambda",42093,42094,0,0,1,1,1
"phage_lambda",42101,42102,0,0,1,1,1
"phage_lambda",42104,42105,0,0,1,1,1
"phage_lambda",42115,42116,0,0,1,1,1
"phage_lambda",42127,42128,0,0,1,1,1
"phage_lambda",42150,42151,0,0,1,1,1
"phage_lambda",42155,42156,0,0,1,1,1
"phage_lambda",42196,42197,0,0,1,1,1
"phage_lambda",42773,42774,0,0,1,1,1
"phage_lambda",42783,42784,0,0,1,1,1
"phage_lambda",42796,42797,0,0,1,1,1
"phage_lambda",42810,42811,0,0,1,1,1
"phage_lambda",42822,42823,0,0,1,1,1
"phage_lambda",42842,42843,0,0,1,1,1
"phage_lambda",42866,42867,0,0,1,1,1
"phage_lambda",42875,42876,0,0,1,1,1
"phage_lambda",42880,42881,0,0,1,1,1
"phage_lambda",42885,42886,0,0,1,1,1
"phage_lambda",42887,42888,0,0,1,1,1
"phage_lambda",42890,42891,0,0,1,1,1
"phage_lambda",42903,42904,0,0,1,1,1
"phage_lambda",42908,42909,0,0,1,1,1
"phage_lambda",42926,42927,0,0,1,1,1
"phage_lambda",42932,42933,0,0,1,1,1
"phage_lambda",43108,43109,0,0,1,1,1
"phage_lambda",43126,43127,0,0,1,1,1
"phage_lambda",43128,43129,0,0,1,1,1
"phage_lambda",43133,43134,0,0,1,1,1
"phage_lambda",43146,43147,0,0,1,1,1
"phage_lambda",43161,43162,0,0,1,1,1
"phage_lambda",43173,43174,0,0,1,1,1
"phage_lambda",43179,43180,0,0,1,1,1
"phage_lambda",43180,43181,0,0,1,1,1
"phage_lambda",43185,43186,0,0,1,1,1
"phage_lambda",43186,43187,0,0,1,1,1
"phage_lambda",43188,43189,0,0,1,1,1
"phage_lambda",43189,43190,0,0,1,1,1
"phage_lambda",43204,43205,0,0,1,1,1
"phage_lambda",43205,43206,0,0,1,1,1
"phage_lambda",43206,43207,0,0,1,1,1
"phage_lambda",43207,43208,0,0,1,1,1
"phage_lambda",43226,43227,0,0,1,1,1
"phage_lambda",43227,43228,0,0,1,1,1
"phage_lambda",43234,43235,100,1,0,1,1
"phage_lambda",43235,43236,0,0,1,1,1
"phage_lambda",43260,43261,0,0,1,1,1
"phage_lambda",43280,43281,0,0,1,1,1
"phage_lambda",43289,43290,0,0,1,1,1
"phage_lambda",43300,43301,0,0,1,1,1
"phage_lambda",43323,43324,0,0,1,1,1
"phage_lambda",43324,43325,0,0,1,1,1
"phage_lambda",43333,43334,0,0,1,1,1
"phage_lambda",43334,43335,0,0,1,1,1
"phage_lambda",43359,43360,0,0,1,1,1
"phage_lambda",43366,43367,0,0,1,1,1
"phage_lambda",43379,43380,0,0,1,1,1
"phage_lambda",43393,43394,0,0,1,1,1
"phage_lambda",43439,43440,0,0,1,1,1
"phage_lambda",43831,43832,0,0,1,1,1
"phage_lambda",43832,43833,0,0,1,1,1
"phage_lambda",43834,43835,0,0,1,1,1
"phage_lambda",43835,43836,0,0,1,1,1
"phage_lambda",43846,43847,0,0,1,1,1
"phage_lambda",43847,43848,0,0,1,1,1
"phage_lambda",43882,43883,0,0,1,1,1
"phage_lambda",43883,43884,0,0,1,1,1
"phage_lambda",43893,43894,0,0,1,1,1
"phage_lambda",43894,43895,0,0,1,1,1
"phage_lambda",43899,43900,0,0,1,1,1
"phage_lambda",43900,43901,0,0,1,1,1
"phage_lambda",43916,43917,0,0,1,1,1
"phage_lambda",43917,43918,0,0,1,1,1
"phage_lambda",43928,43929,0,0,1,1,1
"phage_lambda",43929,43930,0,0,1,1,1
"phage_lambda",43938,43939,0,0,1,1,1
"phage_lambda",43939,43940,0,0,1,1,1
"phage_lambda",43948,43949,0,0,1,1,1
"phage_lambda",43949,43950,0,0,1,1,1
"phage_lambda",43955,43956,0,0,1,1,1
"phage_lambda",43956,43957,0,0,1,1,1
"phage_lambda",43974,43975,0,0,1,1,1
"phage_lambda",43975,43976,0,0,1,1,1
"phage_lambda",44007,44008,0,0,1,1,1
"phage_lambda",44020,44021,0,0,1,1,1
"phage_lambda",44026,44027,0,0,1,1,1
"phage_lambda",44043,44044,0,0,1,1,1
"phage_lambda",44044,44045,0,0,1,1,1
"phage_lambda",44052,44053,0,0,1,1,1
"phage_lambda",44053,44054,0,0,1,1,1
"phage_lambda",44067,44068,0,0,1,1,1
"phage_lambda",44117,44118,0,0,1,1,1
"phage_lambda",44128,44129,0,0,1,1,1
"phage_lambda",44181,44182,0,0,1,1,1
"phage_lambda",44190,44191,0,0,1,1,1
"phage_lambda",44198,44199,0,0,1,1,1
"phage_lambda",44209,44210,0,0,1,1,1
"phage_lambda",44217,44218,0,0,1,1,1
"phage_lambda",44219,44220,0,0,1,1,1
"phage_lambda",44222,44223,0,0,1,1,1
"phage_lambda",44225,44226,0,0,1,1,1
"phage_lambda",44260,44261,0,0,1,1,1
"phage_lambda",44264,44265,0,0,1,1,1
"phage_lambda",44304,44305,0,0,1,1,1
"phage_lambda",44316,44317,0,0,1,1,1
"phage_lambda",44331,44332,0,0,1,1,1
"phage_lambda",44334,44335,0,0,1,1,1
"phage_lambda",44358,44359,0,0,1,1,1
"phage_lambda",44368,44369,0,0,1,1,1
"phage_lambda",44370,44371,0,0,1,1,1
"phage_lambda",44378,44379,100,1,0,1,1
"phage_lambda",44523,44524,0,0,1,1,1
"phage_lambda",44541,44542,0,0,1,1,1
"phage_lambda",44588,44589,0,0,1,1,1
"phage_lambda",44589,44590,0,0,1,1,1
"phage_lambda",44601,44602,0,0,1,1,1
"phage_lambda",44602,44603,0,0,1,1,1
"phage_lambda",44605,44606,0,0,1,1,1
"phage_lambda",44606,44607,0,0,1,1,1
"phage_lambda",44631,44632,0,0,1,1,1
"phage_lambda",44632,44633,0,0,1,1,1
"phage_lambda",44635,44636,0,0,1,1,1
"phage_lambda",45059,45060,0,0,1,1,1
"phage_lambda",45068,45069,0,0,1,1,1
"phage_lambda",45077,45078,0,0,1,1,1
"phage_lambda",45083,45084,0,0,1,1,1
"phage_lambda",45135,45136,0,0,1,1,1
"phage_lambda",45136,45137,0,0,1,1,1
"phage_lambda",45218,45219,100,1,0,1,1
"phage_lambda",45227,45228,0,0,1,1,1
"phage_lambda",45229,45230,100,1,0,1,1
"phage_lambda",45371,45372,0,0,1,1,1
"phage_lambda",45377,45378,0,0,1,1,1
"phage_lambda",45380,45381,0,0,1,1,1
"phage_lambda",45398,45399,0,0,1,1,1
"phage_lambda",45409,45410,0,0,1,1,1
"phage_lambda",45413,45414,0,0,1,1,1
"phage_lambda",45422,45423,0,0,1,1,1
"phage_lambda",45431,45432,0,0,1,1,1
"phage_lambda",45442,45443,0,0,1,1,1
"phage_lambda",45451,45452,0,0,1,1,1
"phage_lambda",46286,46287,100,1,0,1,1
"phage_lambda",46292,46293,0,0,1,1,1
"phage_lambda",46295,46296,0,0,1,1,1
"phage_lambda",46317,46318,0,0,1,1,1
"phage_lambda",46331,46332,0,0,1,1,1
"phage_lambda",46574,46575,0,0,1,1,1
"phage_lambda",46595,46596,0,0,1,1,1
"phage_lambda",46625,46626,0,0,1,1,1
"phage_lambda",46626,46627,0,0,1,1,1
"phage_lambda",46668,46669,0,0,1,1,1
"phage_lambda",46669,46670,0,0,1,1,1
"phage_lambda",46689,46690,0,0,1,1,1
"phage_lambda",46690,46691,0,0,1,1,1
"phage_lambda",46725,46726,0,0,1,1,1
"phage_lambda",46726,46727,0,0,1,1,1
"phage_lambda",46733,46734,0,0,1,1,1
"phage_lambda",46734,46735,0,0,1,1,1
"phage_lambda",46763,46764,0,0,1,1,1
"phage_lambda",46780,46781,0,0,1,1,1
"phage_lambda",46788,46789,0,0,1,1,1
"phage_lambda",47147,47148,0,0,1,1,1
"phage_lambda",47224,47225,0,0,1,1,1
"phage_lambda",47225,47226,0,0,1,1,1
"phage_lambda",47240,47241,0,0,1,1,1
"phage_lambda",47293,47294,0,0,1,1,1
"phage_lambda",47302,47303,0,0,1,1,1
"phage_lambda",47314,47315,0,0,1,1,1
"phage_lambda",47659,47660,0,0,1,1,1
"phage_lambda",47704,47705,0,0,1,1,1
"phage_lambda",47722,47723,0,0,1,1,1
"phage_lambda",47731,47732,0,0,1,1,1
"phage_lambda",47892,47893,0,0,1,1,1
"phage_lambda",47905,47906,0,0,1,1,1
"phage_lambda",47995,47996,0,0,1,1,1
"phage_lambda",48053,48054,0,0,1,1,1
"phage_lambda",48054,48055,0,0,1,1,1
"phage_lambda",48077,48078,0,0,1,1,1
"phage_lambda",48078,48079,0,0,1,1,1
"phage_lambda",48086,48087,0,0,1,1,1
"phage_lambda",48087,48088,0,0,1,1,1
"phage_lambda",48098,48099,50,1,1,2,2
"phage_lambda",48099,48100,0,0,1,1,1
"phage_lambda",48100,48101,0,0,2,2,2
"phage_lambda",48101,48102,0,0,1,1,1
"phage_lambda",48153,48154,0,0,3,3,3
"phage_lambda",48154,48155,0,0,1,1,1
"phage_lambda",48163,48164,0,0,3,3,3
"phage_lambda",48164,48165,0,0,1,1,1
"phage_lambda",48166,48167,0,0,3,3,3
"phage_lambda",48167,48168,0,0,1,1,1
"phage_lambda",48200,48201,0,0,3,3,3
"phage_lambda",48221,48222,0,0,3,3,3
"phage_lambda",48256,48257,0,0,2,2,2
"phage_lambda",48265,48266,0,0,2,2,2
"phage_lambda",48280,48281,0,0,1,1,1
"phage_lambda",48294,48295,0,0,1,1,1
"phage_lambda",48384,48385,0,0,1,1,1
"phage_lambda",48393,48394,0,0,1,1,1
"phage_lambda",48413,48414,0,0,1,1,1
"phage_lambda",48432,48433,0,0,1,1,1
"phage_lambda",48436,48437,0,0,1,1,1
"phage_lambda",48472,48473,0,0,1,1,1
"phage_lambda",48483,48484,0,0,1,1,1
"phage_lambda",48491,48492,0,0,1,1,1
"phage_lambda",48501,48502,0,0,1,1,1
"plasmid_puc19c",276,277,100,1,0,1,1
"plasmid_puc19c",279,280,100,1,0,1,1
"plasmid_puc19c",280,281,100,1,0,1,1
"plasmid_puc19c",284,285,100,1,0,1,1
"plasmid_puc19c",285,286,100,1,0,1,1
"plasmid_puc19c",294,295,100,1,0,1,1
"plasmid_puc19c",295,296,100,1,0,1,1
"plasmid_puc19c",302,303,100,1,0,1,1
"plasmid_puc19c",303,304,100,1,0,1,1
"plasmid_puc19c",312,313,100,1,0,1,1
"plasmid_puc19c",313,314,100,1,0,1,1
"plasmid_puc19c",335,336,100,1,0,1,1
"plasmid_puc19c",336,337,100,1,0,1,1
"plasmid_puc19c",351,352,100,1,0,1,1
"plasmid_puc19c",352,353,100,1,0,1,1
"plasmid_puc19c",371,372,100,1,0,1,1
"plasmid_puc19c",372,373,50,1,1,2,2
"plasmid_puc19c",374,375,100,1,0,1,1
"plasmid_puc19c",375,376,100,2,0,2,2
"plasmid_puc19c",384,385,0,0,1,1,1
"plasmid_puc19c",385,386,100,2,0,2,2
"plasmid_puc19c",388,389,100,2,0,2,2
"plasmid_puc19c",401,402,100,2,0,2,2
"plasmid_puc19c",407,408,100,2,0,2,2
"plasmid_puc19c",414,415,100,2,0,2,2
"plasmid_puc19c",431,432,100,1,0,1,1
"plasmid_puc19c",454,455,100,1,0,1,1
"plasmid_puc19c",496,497,100,1,0,1,1
"plasmid_puc19c",519,520,100,1,0,1,1
"plasmid_puc19c",524,525,100,1,0,1,1
"plasmid_puc19c",583,584,100,1,0,1,1
"plasmid_puc19c",584,585,100,2,0,2,2
"plasmid_puc19c",588,589,100,1,0,1,1
"plasmid_puc19c",589,590,100,2,0,2,2
"plasmid_puc19c",599,600,100,1,0,1,1
"plasmid_puc19c",600,601,100,2,0,2,2
"plasmid_puc19c",610,611,100,1,0,1,1
"plasmid_puc19c",611,612,100,2,0,2,2
"plasmid_puc19c",622,623,100,1,0,1,1
"plasmid_puc19c",623,624,100,2,0,2,2
"plasmid_puc19c",644,645,100,1,0,1,1
"plasmid_puc19c",645,646,100,2,0,2,2
"plasmid_puc19c",651,652,100,1,0,1,1
"plasmid_puc19c",652,653,100,1,0,1,1
"plasmid_puc19c",653,654,100,1,0,1,1
"plasmid_puc19c",654,655,100,1,0,1,1
"plasmid_puc19c",655,656,100,1,0,1,1
"plasmid_puc19c",656,657,100,1,0,1,1
"plasmid_puc19c",665,666,100,1,0,1,1
"plasmid_puc19c",666,667,100,1,0,1,1
"plasmid_puc19c",672,673,100,1,0,1,1
"plasmid_puc19c",673,674,100,1,0,1,1
"plasmid_puc19c",681,682,100,1,0,1,1
"plasmid_puc19c",682,683,100,1,0,1,1
"plasmid_puc19c",689,690,100,1,0,1,1
"plasmid_puc19c",690,691,100,1,0,1,1
"plasmid_puc19c",697,698,0,0,1,1,1
"plasmid_puc19c",698,699,100,1,0,1,1
"plasmid_puc19c",710,711,100,1,0,1,1
"plasmid_puc19c",715,716,100,1,0,1,1
"plasmid_puc19c",719,720,100,1,0,1,1
"plasmid_puc19c",723,724,100,1,0,1,1
"plasmid_puc19c",727,728,100,1,0,1,1
"plasmid_puc19c",733,734,100,1,0,1,1
"plasmid_puc19c",736,737,100,1,0,1,1
"plasmid_puc19c",739,740,100,1,0,1,1
"plasmid_puc19c",740,741,100,1,0,1,1
"plasmid_puc19c",760,761,100,1,0,1,1
"plasmid_puc19c",761,762,100,1,0,1,1
"plasmid_puc19c",768,769,100,1,0,1,1
"plasmid_puc19c",769,770,100,1,0,1,1
"plasmid_puc19c",794,795,100,1,0,1,1
"plasmid_puc19c",840,841,100,2,0,2,2
"plasmid_puc19c",851,852,100,2,0,2,2
"plasmid_puc19c",853,854,100,2,0,2,2
"plasmid_puc19c",862,863,100,2,0,2,2
"plasmid_puc19c",879,880,100,2,0,2,2
"plasmid_puc19c",890,891,100,3,0,3,3
"plasmid_puc19c",906,907,100,3,0,3,3
"plasmid_puc19c",909,910,100,3,0,3,3
"plasmid_puc19c",927,928,100,2,0,2,2
"plasmid_puc19c",934,935,100,2,0,2,2
"plasmid_puc19c",958,959,100,1,0,1,1
"plasmid_puc19c",980,981,100,1,0,1,1
"plasmid_puc19c",984,985,0,0,1,1,1
"plasmid_puc19c",997,998,100,1,0,1,1
"plasmid_puc19c",998,999,100,1,0,1,1
"plasmid_puc19c",1006,1007,100,1,0,1,1
"plasmid_puc19c",1007,1008,100,1,0,1,1
"plasmid_puc19c",1013,1014,0,0,1,1,1
"plasmid_puc19c",1014,1015,100,1,0,1,1
"plasmid_puc19c",1026,1027,100,1,0,1,1
"plasmid_puc19c",1040,1041,100,1,0,1,1
"plasmid_puc19c",1047,1048,100,1,0,1,1
"plasmid_puc19c",1052,1053,100,1,0,1,1
"plasmid_puc19c",1161,1162,0,0,1,1,1
"plasmid_puc19c",1171,1172,100,1,0,1,1
"plasmid_puc19c",1187,1188,100,1,0,1,1
"plasmid_puc19c",1197,1198,100,1,0,1,1
"plasmid_puc19c",1205,1206,100,1,0,1,1
"plasmid_puc19c",1244,1245,100,1,0,1,1
"plasmid_puc19c",1257,1258,100,1,0,1,1
"plasmid_puc19c",1292,1293,100,1,0,1,1
"plasmid_puc19c",1293,1294,100,1,0,1,1
"plasmid_puc19c",1325,1326,100,1,0,1,1
"plasmid_puc19c",1349,1350,100,1,0,1,1
"plasmid_puc19c",1376,1377,100,1,0,1,1
"plasmid_puc19c",1478,1479,100,1,0,1,1
"plasmid_puc19c",1488,1489,100,1,0,1,1
"plasmid_puc19c",1500,1501,100,1,0,1,1
"plasmid_puc19c",1510,1511,100,1,0,1,1
"plasmid_puc19c",1660,1661,100,2,0,2,2
"plasmid_puc19c",1661,1662,100,1,0,1,1
"plasmid_puc19c",1674,1675,100,1,0,1,1
"plasmid_puc19c",1675,1676,100,1,0,1,1
"plasmid_puc19c",1700,1701,100,2,0,2,2
"plasmid_puc19c",1701,1702,100,1,0,1,1
"plasmid_puc19c",1703,1704,100,2,0,2,2
"plasmid_puc19c",1704,1705,100,1,0,1,1
"plasmid_puc19c",1717,1718,100,2,0,2,2
"plasmid_puc19c",1718,1719,100,1,0,1,1
"plasmid_puc19c",1722,1723,100,2,0,2,2
"plasmid_puc19c",1723,1724,100,1,0,1,1
"plasmid_puc19c",1762,1763,100,2,0,2,2
"plasmid_puc19c",1764,1765,100,2,0,2,2
"plasmid_puc19c",1773,1774,100,2,0,2,2
"plasmid_puc19c",1780,1781,100,2,0,2,2
"plasmid_puc19c",1814,1815,100,1,0,1,1
"plasmid_puc19c",1823,1824,100,2,0,2,2
"plasmid_puc19c",1827,1828,100,2,0,2,2
"plasmid_puc19c",1853,1854,100,1,0,1,1
"plasmid_puc19c",1881,1882,100,1,0,1,1
"plasmid_puc19c",1903,1904,100,2,0,2,2
"plasmid_puc19c",1920,1921,100,2,0,2,2
"plasmid_puc19c",1925,1926,100,2,0,2,2
"plasmid_puc19c",1949,1950,100,2,0,2,2
"plasmid_puc19c",1950,1951,100,1,0,1,1
"plasmid_puc19c",1959,1960,100,2,0,2,2
"plasmid_puc19c",1960,1961,100,1,0,1,1
"plasmid_puc19c",1963,1964,100,2,0,2,2
"plasmid_puc19c",1964,1965,100,1,0,1,1
"plasmid_puc19c",1966,1967,50,1,1,2,2
"plasmid_puc19c",1967,1968,100,1,0,1,1
"plasmid_puc19c",1991,1992,100,1,0,1,1
"plasmid_puc19c",1992,1993,100,1,0,1,1
"plasmid_puc19c",2001,2002,100,2,0,2,2
"plasmid_puc19c",2002,2003,100,1,0,1,1
"plasmid_puc19c",2010,2011,100,2,0,2,2
"plasmid_puc19c",2011,2012,100,1,0,1,1
"plasmid_puc19c",2044,2045,100,2,0,2,2
"plasmid_puc19c",2045,2046,100,1,0,1,1
"plasmid_puc19c",2057,2058,100,1,0,1,1
"plasmid_puc19c",2058,2059,100,1,0,1,1
"plasmid_puc19c",2065,2066,100,1,0,1,1
"plasmid_puc19c",2066,2067,100,1,0,1,1
"plasmid_puc19c",2069,2070,100,1,0,1,1
"plasmid_puc19c",2070,2071,100,1,0,1,1
"plasmid_puc19c",2150,2151,100,1,0,1,1
"plasmid_puc19c",2211,2212,100,1,0,1,1
"plasmid_puc19c",2214,2215,100,1,0,1,1
"plasmid_puc19c",2218,2219,100,1,0,1,1
"plasmid_puc19c",2233,2234,100,1,0,1,1
"plasmid_puc19c",2236,2237,100,1,0,1,1
"plasmid_puc19c",2244,2245,100,1,0,1,1
"plasmid_puc19c",2255,2256,100,1,0,1,1
"plasmid_puc19c",2257,2258,100,2,0,2,2
"plasmid_puc19c",2298,2299,100,3,0,3,3
"plasmid_puc19c",2305,2306,100,3,0,3,3
"plasmid_puc19c",2310,2311,100,3,0,3,3
"plasmid_puc19c",2332,2333,100,3,0,3,3
"plasmid_puc19c",2350,2351,100,3,0,3,3
"plasmid_puc19c",2364,2365,100,2,0,2,2
"plasmid_puc19c",2405,2406,100,1,0,1,1
"plasmid_puc19c",2441,2442,100,1,0,1,1
"plasmid_puc19c",2461,2462,100,1,0,1,1
"plasmid_puc19c",2466,2467,100,1,0,1,1
"plasmid_puc19c",2540,2541,100,1,0,1,1
"plasmid_puc19c",2618,2619,100,1,0,1,1
"plasmid_puc19c",2664,2665,100,1,0,1,1
"plasmid_puc19c",2671,2672,100,1,0,1,1
"plasmid_puc19c",2682,2683,100,1,0,1,1
"OR482510.1",1987,1988,0,0,1,1,1
"OR482510.1",2006,2007,0,0,1,1,1
"OR482510.1",2026,2027,0,0,1,1,1
"OR482510.1",2058,2059,0,0,1,1,1
"OR482510.1",2084,2085,0,0,1,1,1
"OR482510.1",2088,2089,0,0,1,1,1
"OR482510.1",2090,2091,0,0,1,1,1
"OR482510.1",2160,2161,0,0,2,2,2
"OR482510.1",2207,2208,0,0,3,3,3
"OR482510.1",2217,2218,0,0,3,3,3
"OR482510.1",2236,2237,0,0,4,4,4
"OR482510.1",2340,2341,0,0,3,3,3
"OR482510.1",2344,2345,0,0,3,3,3
"OR482510.1",2346,2347,0,0,3,3,3
"OR482510.1",2367,2368,0,0,2,2,2
"OR482510.1",2403,2404,0,0,2,2,2
"OR482510.1",10618,10619,0,0,1,1,1
"OR482510.1",10631,10632,0,0,1,1,1
"OR482510.1",10637,10638,0,0,1,1,1
"OR482510.1",10690,10691,0,0,1,1,1
"OR482510.1",10763,10764,0,0,1,1,1
"OR482510.1",10784,10785,0,0,1,1,1
"OR482510.1",11043,11044,0,0,3,3,3
"OR482510.1",11083,11084,0,0,2,2,2
"OR482510.1",11093,11094,0,0,2,2,2
"OR482510.1",11152,11153,0,0,2,2,2
"OR482510.1",11184,11185,0,0,1,1,1
"OR482510.1",11192,11193,0,0,1,1,1
"OR482510.1",12313,12314,0,0,1,1,1
"OR482510.1",12444,12445,0,0,6,6,6
"OR482510.1",12448,12449,0,0,6,6,6
"OR482510.1",12452,12453,0,0,6,6,6
"OR482510.1",12467,12468,50,3,3,6,6
"OR482510.1",12480,12481,60,3,2,5,5
"OR482510.1",12493,12494,0,0,4,4,4
"OR482510.1",12498,12499,0,0,4,4,4
"OR482510.1",12543,12544,50,1,1,2,2
"OR482510.1",12624,12625,0,0,1,1,1
"OR482510.1",12627,12628,0,0,1,1,1
"OR482510.1",12641,12642,0,0,1,1,1
"OR482510.1",12695,12696,0,0,2,2,2
"OR482510.1",12735,12736,0,0,1,1,1
"OR482510.1",12754,12755,0,0,1,1,1
"OR482510.1",12821,12822,0,0,1,1,1
"OR482510.1",12824,12825,0,0,1,1,1
"OR482510.1",13477,13478,0,0,1,1,1
"OR482510.1",13577,13578,0,0,1,1,1
"OR482510.1",13657,13658,0,0,1,1,1
"OR482510.1",13787,13788,0,0,5,5,5
"OR482510.1",13799,13800,0,0,5,5,5
"OR482510.1",13811,13812,0,0,5,5,5
"OR482510.1",13823,13824,0,0,4,4,4
"OR482510.1",13867,13868,0,0,3,3,3
"OR482510.1",13909,13910,0,0,2,2,2
"OR482510.1",15398,15399,0,0,1,1,1
"OR482510.1",15421,15422,0,0,1,1,1
"OR482510.1",15425,15426,0,0,1,1,1
"OR482510.1",15443,15444,0,0,1,1,1
"OR482510.1",15803,15804,0,0,10,10,10
"OR482510.1",15856,15857,0,0,12,12,12
"OR482510.1",15860,15861,50,6,6,12,12
"OR482510.1",15951,15952,0,0,4,4,4
"OR482510.1",15980,15981,0,0,2,2,2
"OR482510.1",16126,16127,0,0,1,1,1
"OR482510.1",16132,16133,0,0,1,1,1
"OR482510.1",16144,16145,0,0,1,1,1
"OR482510.1",16148,16149,0,0,1,1,1
"OR482510.1",16160,16161,0,0,1,1,1
