"chrom","context","total_reads","mean_meth","median_meth","sd_meth"
"OR482510.1","CpG",174,3.08823529411765,0,12.4896796729088
"genome_hic_scaffold_10_RagTag","CpG",754688,76.770290459285,100,40.27233897988
"genome_hic_scaffold_11_RagTag","CpG",680724,76.8882414286584,100,40.2351331197176
"genome_hic_scaffold_12_RagTag","CpG",707330,76.4791756370252,100,40.3991747909362
"genome_hic_scaffold_13_RagTag","CpG",692598,76.2588126002871,100,40.5991241043539
"genome_hic_scaffold_14_RagTag","CpG",678543,76.9722109463558,100,40.1475931544629
"genome_hic_scaffold_15_RagTag","CpG",699128,77.2073767469609,100,39.9738445885893
"genome_hic_scaffold_16_RagTag","CpG",537569,77.6755229813426,100,39.6854945232465
"genome_hic_scaffold_17_RagTag","CpG",620048,77.0527830611578,100,40.1002181994529
"genome_hic_scaffold_18_RagTag","CpG",616823,77.9505269733369,100,39.4988546805569
"genome_hic_scaffold_19_RagTag","CpG",715758,76.4946908239015,100,40.4299072601491
"genome_hic_scaffold_1_RagTag","CpG",902890,77.4853366383469,100,39.7647181644981
"genome_hic_scaffold_20_RagTag","CpG",675626,77.1886942522567,100,39.9402918957142
"genome_hic_scaffold_21_RagTag","CpG",558155,77.1575727283666,100,39.9649332564891
"genome_hic_scaffold_22_RagTag","CpG",637993,77.3082642416666,100,39.9054904538818
"genome_hic_scaffold_23_RagTag","CpG",516100,77.3964094280235,100,39.8351704251491
"genome_hic_scaffold_24_RagTag","CpG",401277,78.1832874493927,100,39.2810684801362
"genome_hic_scaffold_2_RagTag","CpG",853603,77.6957697205851,100,39.5950722917067
"genome_hic_scaffold_3_RagTag","CpG",726811,76.1939898093792,100,40.5845823663989
"genome_hic_scaffold_4_RagTag","CpG",658760,76.6802980583559,100,40.2774380362647
"genome_hic_scaffold_5_RagTag","CpG",839888,77.5135106815744,100,39.804985904532
"genome_hic_scaffold_6_RagTag","CpG",811797,77.6588254491875,100,39.6650049882317
"genome_hic_scaffold_7_RagTag","CpG",713112,76.8837894191023,100,40.1548688342292
"genome_hic_scaffold_8_RagTag","CpG",722746,76.0300504825273,100,40.7361471048637
"genome_hic_scaffold_9_RagTag","CpG",788096,76.9940084973981,100,40.1208834124943
"phage_lambda","CpG",2052,3.44590726960504,0,17.3346490089652
"plasmid_puc19c","CpG",240,96.6850828729282,100,17.1611722151679
"ptg000052l_RagTag","CpG",289,57.6068376068376,50,40.7138791181102
"ptg000056l_RagTag","CpG",4322,86.8461775585697,100,31.8473087868709
"ptg000058l_RagTag","CpG",1710,85.5949090909091,100,33.5849242315035
"ptg000064l_RagTag","CpG",89,71.8524590163934,100,43.2592325658442
"ptg000065l_RagTag","CpG",32,93.75,100,24.5934688418982
"ptg000067l_RagTag","CpG",39,66.6666666666667,100,47.7566932940919
"ptg000071l_RagTag","CpG",3758,84.7887130075705,100,33.1756721402527
"ptg000106l_RagTag","CpG",384,82.0060975609756,100,37.3948265324371
"ptg000117l_RagTag","CpG",244,74.3246073298429,100,42.6752655062533
"ptg000118l_RagTag","CpG",53,79.2452830188679,100,40.9431621323894
"ptg000121l_RagTag","CpG",2584,81.6943753111,100,36.9866075312918
"ptg000131l_RagTag","CpG",2658,84.7081158044613,100,34.2584687835022
"ptg000133l_RagTag","CpG",160,64.3410852713178,100,47.2666135018999
"ptg000137l_RagTag","CpG",296,75.4851851851852,100,42.3822857337547
"ptg000139l_RagTag","CpG",55,74.2285714285714,100,38.6789848050103
"ptg000143l_RagTag","CpG",334,85.6808510638298,100,31.8622075911686
"ptg000146l_RagTag","CpG",44,55.5555555555556,75,47.4759755451982
"ptg000147l_RagTag","CpG",69,52.2727272727273,75,49.0663355612813
"ptg000152l_RagTag","CpG",1,0,0,NA
"ptg000156l_RagTag","CpG",9,22.2222222222222,0,44.0958551844098
"ptg000157l_RagTag","CpG",184,50.9090909090909,50,49.5321795108528
"ptg000158l_RagTag","CpG",135,86.5211267605634,100,25.18494967517
"ptg000161l_RagTag","CpG",616,82.976653696498,100,36.0999727269383
"ptg000164l_RagTag","CpG",110,72.4166666666667,100,44.3260668320934
"ptg000165l_RagTag","CpG",654,80.4029574861368,100,39.1033804370856
"ptg000168l_RagTag","CpG",3,0,0,0
"ptg000173l_RagTag","CpG",30,93.3333333333333,100,25.3708131702462
"ptg000175l_RagTag","CpG",409,73.0235294117647,85,32.3779674023748
"ptg000176l_RagTag","CpG",1617,88.4590570719603,100,30.2088511562919
"ptg000179l_RagTag","CpG",132,93.1818181818182,100,25.3017870961078
"ptg000180l_RagTag","CpG",2,100,100,0
"ptg000184l_RagTag","CpG",281,50.1538461538462,50,45.820287638831
"ptg000189l_RagTag","CpG",41,71.0666666666667,100,41.5309882919459
"ptg000192l_RagTag","CpG",27,85.7894736842105,100,32.5432685433621
"ptg000195l_RagTag","CpG",130,77.9166666666667,100,41.4018193351174
"ptg000196l_RagTag","CpG",132,66,100,45.6240440782955
"ptg000199l_RagTag","CpG",148,60.9915966386555,100,47.7490785780863
"ptg000206l_RagTag","CpG",250,87.959595959596,100,31.457946851956
"ptg000213l_RagTag","CpG",8,25,0,46.2910049886276
"ptg000215l_RagTag","CpG",13,61.5384615384615,100,50.6369683541833
"ptg000219l_RagTag","CpG",108,76.1764705882353,100,41.5305901230212
"ptg000220l_RagTag","CpG",11,100,100,0
"ptg000222l_RagTag","CpG",13,55.5555555555556,50,39.0867979985286
"ptg000223l_RagTag","CpG",7,71.4285714285714,100,48.7950036474267
"ptg000224l_RagTag","CpG",293,85.4306930693069,100,33.275536686969
"OR482510.1","CHG",199,1.78048780487805,0,8.9553410371935
"genome_hic_scaffold_10_RagTag","CHG",1536336,3.73783173144989,0,17.9205018616263
"genome_hic_scaffold_11_RagTag","CHG",1327076,3.80839711510156,0,18.096955554186
"genome_hic_scaffold_12_RagTag","CHG",1529467,3.60633869966854,0,17.6022828218088
"genome_hic_scaffold_13_RagTag","CHG",1386159,3.77804244948534,0,18.0218477886949
"genome_hic_scaffold_14_RagTag","CHG",1373739,3.7706797944644,0,18.0156206957782
"genome_hic_scaffold_15_RagTag","CHG",1432565,3.72091204136444,0,17.8758618518558
"genome_hic_scaffold_16_RagTag","CHG",995495,3.93021373913784,0,18.3820520700973
"genome_hic_scaffold_17_RagTag","CHG",1235280,3.85999799566144,0,18.2132959015653
"genome_hic_scaffold_18_RagTag","CHG",1184971,3.92165633684037,0,18.3548069619383
"genome_hic_scaffold_19_RagTag","CHG",1503829,3.71760885169409,0,17.8638343132987
"genome_hic_scaffold_1_RagTag","CHG",1846572,3.77523507736423,0,18.0194358703457
"genome_hic_scaffold_20_RagTag","CHG",1412128,3.72193398588664,0,17.9001577527613
"genome_hic_scaffold_21_RagTag","CHG",1115198,3.7459144940393,0,17.9592735458867
"genome_hic_scaffold_22_RagTag","CHG",1235488,3.80507568257539,0,18.06324132158
"genome_hic_scaffold_23_RagTag","CHG",973706,3.84406513287095,0,18.1705706414584
"genome_hic_scaffold_24_RagTag","CHG",714486,4.08619498699439,0,18.7377567126277
"genome_hic_scaffold_2_RagTag","CHG",1812239,3.69401642165998,0,17.8071368324613
"genome_hic_scaffold_3_RagTag","CHG",1491145,3.65624582992912,0,17.7344732040747
"genome_hic_scaffold_4_RagTag","CHG",1364254,3.67254971017544,0,17.7562440455042
"genome_hic_scaffold_5_RagTag","CHG",1720313,3.72357529687234,0,17.9086012132891
"genome_hic_scaffold_6_RagTag","CHG",1668194,3.72207580200142,0,17.8870396390786
"genome_hic_scaffold_7_RagTag","CHG",1462443,3.79478415594418,0,18.0320122475609
"genome_hic_scaffold_8_RagTag","CHG",1578284,3.66049405306496,0,17.7488710640942
"genome_hic_scaffold_9_RagTag","CHG",1645505,3.71730754803093,0,17.8603244776819
"phage_lambda","CHG",2140,3.82416984213391,0,18.2836553146828
"plasmid_puc19c","CHG",210,6.56363636363636,0,21.5950228313488
"ptg000052l_RagTag","CHG",253,11.2197802197802,0,29.3059729208919
"ptg000056l_RagTag","CHG",12549,6.80647256196558,0,23.3983037971231
"ptg000058l_RagTag","CHG",3414,6.61086474501109,0,22.9656276197523
"ptg000064l_RagTag","CHG",246,6.86274509803922,0,25.344149144834
"ptg000065l_RagTag","CHG",17,64.7058823529412,100,49.2592183071889
"ptg000067l_RagTag","CHG",218,2.83018867924528,0,16.622642981183
"ptg000071l_RagTag","CHG",6118,5.87663031858029,0,22.2227034611422
"ptg000106l_RagTag","CHG",487,3.07125307125307,0,16.7317972308335
"ptg000117l_RagTag","CHG",157,15.4296296296296,0,35.7696904840465
"ptg000118l_RagTag","CHG",29,6.89655172413793,0,25.7880714777564
"ptg000121l_RagTag","CHG",5640,4.70194862710363,0,20.3248742794251
"ptg000131l_RagTag","CHG",5194,4.83449101796407,0,20.5375451369528
"ptg000133l_RagTag","CHG",388,6.84357541899441,0,25.1456953577289
"ptg000137l_RagTag","CHG",845,5.12143928035982,0,21.6504847201178
"ptg000139l_RagTag","CHG",111,13.9876543209877,0,34.5038019018051
"ptg000143l_RagTag","CHG",614,6.89981096408318,0,24.898113974951
"ptg000146l_RagTag","CHG",43,10.8108108108108,0,31.4800093867678
"ptg000147l_RagTag","CHG",97,17.2571428571429,0,35.532669480551
"ptg000152l_RagTag","CHG",4,0,0,0
"ptg000156l_RagTag","CHG",14,0,0,0
"ptg000157l_RagTag","CHG",425,2.89473684210526,0,16.3903399596802
"ptg000158l_RagTag","CHG",94,35.6938775510204,0,45.761248199046
"ptg000161l_RagTag","CHG",1572,8.08295350957156,0,23.402684262385
"ptg000164l_RagTag","CHG",81,16.0545454545455,0,34.5373754508113
"ptg000165l_RagTag","CHG",1576,5.5765391014975,0,21.3824742915749
"ptg000168l_RagTag","CHG",6,0,0,0
"ptg000173l_RagTag","CHG",14,57.1428571428571,100,51.3552591013095
"ptg000175l_RagTag","CHG",167,27.8974358974359,20,33.0874398747151
"ptg000176l_RagTag","CHG",3023,4.24529951902055,0,18.889620286813
"ptg000179l_RagTag","CHG",77,22.0779220779221,0,41.7491778153415
"ptg000180l_RagTag","CHG",99,0,0,0
"ptg000181l_RagTag","CHG",47,3.84615384615385,0,17.7134181395414
"ptg000184l_RagTag","CHG",534,4.71938775510204,0,17.5176930817184
"ptg000189l_RagTag","CHG",32,4.54545454545455,0,21.320071635561
"ptg000192l_RagTag","CHG",242,2.70652173913043,0,14.2714036695407
"ptg000195l_RagTag","CHG",176,4.43037974683544,0,19.8559677013753
"ptg000196l_RagTag","CHG",146,2.56153846153846,0,12.5247066506388
"ptg000199l_RagTag","CHG",435,2.34604105571848,0,14.6652016246769
"ptg000206l_RagTag","CHG",262,12.3592233009709,0,31.7896606504669
"ptg000213l_RagTag","CHG",6,16.6666666666667,0,40.8248290463863
"ptg000215l_RagTag","CHG",36,0,0,0
"ptg000219l_RagTag","CHG",352,3.07920792079208,0,16.599698693697
"ptg000220l_RagTag","CHG",5,0,0,0
"ptg000222l_RagTag","CHG",24,2.94117647058824,0,12.1267812518166
"ptg000223l_RagTag","CHG",13,0,0,0
"ptg000224l_RagTag","CHG",509,29.7945205479452,0,41.7270562422078
"OR482510.1","CHH",1281,3.56531049250535,0,14.2875706081921
"genome_hic_scaffold_10_RagTag","CHH",4657285,3.59032758101611,0,17.5511027387721
"genome_hic_scaffold_11_RagTag","CHH",4064864,3.63093552659834,0,17.6393688624445
"genome_hic_scaffold_12_RagTag","CHH",4674969,3.55829995880095,0,17.4649517020983
"genome_hic_scaffold_13_RagTag","CHH",4215585,3.67569191525631,0,17.7238102850422
"genome_hic_scaffold_14_RagTag","CHH",4212044,3.62193788470418,0,17.6104105918245
"genome_hic_scaffold_15_RagTag","CHH",4399751,3.5907397007032,0,17.5312221790559
"genome_hic_scaffold_16_RagTag","CHH",3036605,3.71432208202787,0,17.8318552050483
"genome_hic_scaffold_17_RagTag","CHH",3794693,3.73891545399186,0,17.9043080549632
"genome_hic_scaffold_18_RagTag","CHH",3620431,3.73025579333068,0,17.8720496005013
"genome_hic_scaffold_19_RagTag","CHH",4588721,3.56888701023092,0,17.4787576929496
"genome_hic_scaffold_1_RagTag","CHH",5571554,3.61776045069943,0,17.612980463653
"genome_hic_scaffold_20_RagTag","CHH",4336350,3.58656566415765,0,17.5404161924999
"genome_hic_scaffold_21_RagTag","CHH",3445693,3.58561541763037,0,17.5241517763198
"genome_hic_scaffold_22_RagTag","CHH",3794910,3.65068442279742,0,17.6598322516712
"genome_hic_scaffold_23_RagTag","CHH",3066777,3.71081296476315,0,17.823059788366
"genome_hic_scaffold_24_RagTag","CHH",2178077,3.85383372982279,0,18.154214939999
"genome_hic_scaffold_2_RagTag","CHH",5581311,3.59198486735111,0,17.5295992822121
"genome_hic_scaffold_3_RagTag","CHH",4574186,3.55758415553164,0,17.4499507193378
"genome_hic_scaffold_4_RagTag","CHH",4144722,3.54707360660361,0,17.414874014274
"genome_hic_scaffold_5_RagTag","CHH",5287625,3.60054536311194,0,17.5782850234266
"genome_hic_scaffold_6_RagTag","CHH",5110289,3.62455963637419,0,17.6184882517815
"genome_hic_scaffold_7_RagTag","CHH",4454693,3.63576473967951,0,17.6228499585945
"genome_hic_scaffold_8_RagTag","CHH",4793803,3.55587983802961,0,17.4669015911321
"genome_hic_scaffold_9_RagTag","CHH",4972047,3.58853948193762,0,17.5335491065598
"phage_lambda","CHH",3962,4.70206401435836,0,20.2492935337776
"plasmid_puc19c","CHH",515,3.11898734177215,0,14.7322471324271
"ptg000052l_RagTag","CHH",504,12.0384615384615,0,30.1964773081059
"ptg000056l_RagTag","CHH",21629,7.42400240024002,0,24.5559287937684
"ptg000058l_RagTag","CHH",6408,6.81045025013897,0,24.3526304497724
"ptg000064l_RagTag","CHH",868,7.198127925117,0,25.6778064968537
"ptg000065l_RagTag","CHH",33,51.5151515151515,100,50.7519218922552
"ptg000067l_RagTag","CHH",470,7.75862068965517,0,26.7808063468999
"ptg000071l_RagTag","CHH",13075,5.12644230769231,0,20.9325126630702
"ptg000106l_RagTag","CHH",1103,4.9097510373444,0,20.8304022446566
"ptg000117l_RagTag","CHH",443,5.25214899713467,0,21.870951900528
"ptg000118l_RagTag","CHH",66,12.1212121212121,0,32.8874608564584
"ptg000121l_RagTag","CHH",9859,5.26688344172086,0,21.2437901627681
"ptg000131l_RagTag","CHH",12337,4.88979187314172,0,20.6449951325374
"ptg000133l_RagTag","CHH",817,9.60490463215259,0,29.1953345789665
"ptg000137l_RagTag","CHH",1671,5.76142857142857,0,22.697096657306
"ptg000139l_RagTag","CHH",289,8.39086294416244,0,27.4437182464458
"ptg000143l_RagTag","CHH",1220,6.38654618473896,0,22.8338587462807
"ptg000146l_RagTag","CHH",229,6.95187165775401,0,25.5016936866292
"ptg000147l_RagTag","CHH",325,10.8196721311475,0,28.7326305071279
"ptg000152l_RagTag","CHH",25,0,0,0
"ptg000156l_RagTag","CHH",64,0,0,0
"ptg000157l_RagTag","CHH",1127,3.89676113360324,0,18.8981558214151
"ptg000158l_RagTag","CHH",196,23.0505050505051,0,39.0257303236383
"ptg000161l_RagTag","CHH",2072,5.99162178336326,0,22.6916044342259
"ptg000164l_RagTag","CHH",380,6.77880184331797,0,20.9613160555342
"ptg000165l_RagTag","CHH",2427,7.09637939826619,0,24.7240152637493
"ptg000168l_RagTag","CHH",16,0,0,0
"ptg000173l_RagTag","CHH",33,15.1515151515152,0,36.410954062721
"ptg000175l_RagTag","CHH",324,16.6619718309859,0,22.8922592419183
"ptg000176l_RagTag","CHH",5387,4.97304582210243,0,21.1546751292582
"ptg000179l_RagTag","CHH",162,4.93827160493827,0,21.7337620854145
"ptg000180l_RagTag","CHH",83,3.17460317460317,0,15.2215251689514
"ptg000181l_RagTag","CHH",115,7.36842105263158,0,25.2312928938932
"ptg000184l_RagTag","CHH",1536,5.27611940298507,0,18.6225235111186
"ptg000189l_RagTag","CHH",96,6.41025641025641,0,23.2978656273604
"ptg000192l_RagTag","CHH",564,9.03669724770642,0,26.9006436210673
"ptg000195l_RagTag","CHH",844,3.7037037037037,0,18.5312329165275
"ptg000196l_RagTag","CHH",612,5.78989898989899,0,22.0683585336641
"ptg000199l_RagTag","CHH",812,4.2953125,0,19.6262888570327
"ptg000206l_RagTag","CHH",807,2.04755614266843,0,13.8169384572644
"ptg000213l_RagTag","CHH",17,0,0,0
"ptg000215l_RagTag","CHH",212,0,0,0
"ptg000219l_RagTag","CHH",659,7.84875444839858,0,25.6321901048044
"ptg000220l_RagTag","CHH",31,0,0,0
"ptg000222l_RagTag","CHH",104,11.7647058823529,0,26.0848887730092
"ptg000223l_RagTag","CHH",42,0,0,0
"ptg000224l_RagTag","CHH",963,31.9896774193548,0,44.901153530807
