"","chrom","start","end","percent_methylation","methylated_reads","unmethylated_reads","context","total_reads"
"1","OR482510.1",1987,1988,0,0,1,"CpG",1
"2","OR482510.1",2006,2007,0,0,1,"CpG",1
"3","OR482510.1",2026,2027,0,0,1,"CpG",1
"4","OR482510.1",2058,2059,0,0,1,"CpG",1
"5","OR482510.1",2084,2085,0,0,1,"CpG",1
"6","OR482510.1",2088,2089,0,0,1,"CpG",1
"7","OR482510.1",2090,2091,0,0,1,"CpG",1
"8","OR482510.1",2160,2161,0,0,2,"CpG",2
"9","OR482510.1",2207,2208,0,0,3,"CpG",3
"10","OR482510.1",2217,2218,0,0,3,"CpG",3
"11","OR482510.1",2236,2237,0,0,4,"CpG",4
"12","OR482510.1",2340,2341,0,0,3,"CpG",3
"13","OR482510.1",2344,2345,0,0,3,"CpG",3
"14","OR482510.1",2346,2347,0,0,3,"CpG",3
"15","OR482510.1",2367,2368,0,0,2,"CpG",2
"16","OR482510.1",2403,2404,0,0,2,"CpG",2
"17","OR482510.1",10618,10619,0,0,1,"CpG",1
"18","OR482510.1",10631,10632,0,0,1,"CpG",1
"19","OR482510.1",10637,10638,0,0,1,"CpG",1
"20","OR482510.1",10690,10691,0,0,1,"CpG",1
"21","OR482510.1",10763,10764,0,0,1,"CpG",1
"22","OR482510.1",10784,10785,0,0,1,"CpG",1
"23","OR482510.1",11043,11044,0,0,3,"CpG",3
"24","OR482510.1",11083,11084,0,0,2,"CpG",2
"25","OR482510.1",11093,11094,0,0,2,"CpG",2
"26","OR482510.1",11152,11153,0,0,2,"CpG",2
"27","OR482510.1",11184,11185,0,0,1,"CpG",1
"28","OR482510.1",11192,11193,0,0,1,"CpG",1
"29","OR482510.1",12313,12314,0,0,1,"CpG",1
"30","OR482510.1",12444,12445,0,0,6,"CpG",6
"31","OR482510.1",12448,12449,0,0,6,"CpG",6
"32","OR482510.1",12452,12453,0,0,6,"CpG",6
"33","OR482510.1",12467,12468,50,3,3,"CpG",6
"34","OR482510.1",12480,12481,60,3,2,"CpG",5
"35","OR482510.1",12493,12494,0,0,4,"CpG",4
"36","OR482510.1",12498,12499,0,0,4,"CpG",4
"37","OR482510.1",12543,12544,50,1,1,"CpG",2
"38","OR482510.1",12624,12625,0,0,1,"CpG",1
"39","OR482510.1",12627,12628,0,0,1,"CpG",1
"40","OR482510.1",12641,12642,0,0,1,"CpG",1
"41","OR482510.1",12695,12696,0,0,2,"CpG",2
"42","OR482510.1",12735,12736,0,0,1,"CpG",1
"43","OR482510.1",12754,12755,0,0,1,"CpG",1
"44","OR482510.1",12821,12822,0,0,1,"CpG",1
"45","OR482510.1",12824,12825,0,0,1,"CpG",1
"46","OR482510.1",13477,13478,0,0,1,"CpG",1
"47","OR482510.1",13577,13578,0,0,1,"CpG",1
"48","OR482510.1",13657,13658,0,0,1,"CpG",1
"49","OR482510.1",13787,13788,0,0,5,"CpG",5
"50","OR482510.1",13799,13800,0,0,5,"CpG",5
"51","OR482510.1",13811,13812,0,0,5,"CpG",5
"52","OR482510.1",13823,13824,0,0,4,"CpG",4
"53","OR482510.1",13867,13868,0,0,3,"CpG",3
"54","OR482510.1",13909,13910,0,0,2,"CpG",2
"55","OR482510.1",15398,15399,0,0,1,"CpG",1
"56","OR482510.1",15421,15422,0,0,1,"CpG",1
"57","OR482510.1",15425,15426,0,0,1,"CpG",1
"58","OR482510.1",15443,15444,0,0,1,"CpG",1
"59","OR482510.1",15803,15804,0,0,10,"CpG",10
"60","OR482510.1",15856,15857,0,0,12,"CpG",12
"61","OR482510.1",15860,15861,50,6,6,"CpG",12
"62","OR482510.1",15951,15952,0,0,4,"CpG",4
"63","OR482510.1",15980,15981,0,0,2,"CpG",2
"64","OR482510.1",16126,16127,0,0,1,"CpG",1
"65","OR482510.1",16132,16133,0,0,1,"CpG",1
"66","OR482510.1",16144,16145,0,0,1,"CpG",1
"67","OR482510.1",16148,16149,0,0,1,"CpG",1
"68","OR482510.1",16160,16161,0,0,1,"CpG",1
"69","OR482510.1",1944,1945,0,0,1,"CHG",1
"70","OR482510.1",1957,1958,0,0,1,"CHG",1
"71","OR482510.1",2009,2010,0,0,1,"CHG",1
"72","OR482510.1",2057,2058,0,0,1,"CHG",1
"73","OR482510.1",2061,2062,0,0,1,"CHG",1
"74","OR482510.1",2066,2067,0,0,1,"CHG",1
"75","OR482510.1",2087,2088,0,0,1,"CHG",1
"76","OR482510.1",2143,2144,0,0,1,"CHG",1
"77","OR482510.1",2171,2172,50,1,1,"CHG",2
"78","OR482510.1",2206,2207,0,0,3,"CHG",3
"79","OR482510.1",2211,2212,0,0,3,"CHG",3
"80","OR482510.1",2275,2276,0,0,5,"CHG",5
"81","OR482510.1",2300,2301,0,0,5,"CHG",5
"82","OR482510.1",2343,2344,0,0,3,"CHG",3
"83","OR482510.1",2402,2403,0,0,2,"CHG",2
"84","OR482510.1",2405,2406,0,0,2,"CHG",2
"85","OR482510.1",10611,10612,0,0,1,"CHG",1
"86","OR482510.1",10630,10631,0,0,1,"CHG",1
"87","OR482510.1",10648,10649,0,0,1,"CHG",1
"88","OR482510.1",10664,10665,0,0,1,"CHG",1
"89","OR482510.1",10698,10699,0,0,1,"CHG",1
"90","OR482510.1",10775,10776,0,0,1,"CHG",1
"91","OR482510.1",10779,10780,0,0,1,"CHG",1
"92","OR482510.1",10794,10795,0,0,1,"CHG",1
"93","OR482510.1",10824,10825,0,0,2,"CHG",2
"94","OR482510.1",10872,10873,0,0,3,"CHG",3
"95","OR482510.1",10898,10899,0,0,4,"CHG",4
"96","OR482510.1",10932,10933,0,0,6,"CHG",6
"97","OR482510.1",10950,10951,0,0,5,"CHG",5
"98","OR482510.1",10954,10955,0,0,6,"CHG",6
"99","OR482510.1",11002,11003,0,0,6,"CHG",6
"100","OR482510.1",11031,11032,0,0,5,"CHG",5
"101","OR482510.1",11037,11038,0,0,4,"CHG",4
"102","OR482510.1",11051,11052,0,0,3,"CHG",3
"103","OR482510.1",11055,11056,0,0,3,"CHG",3
"104","OR482510.1",11058,11059,0,0,3,"CHG",3
"105","OR482510.1",11092,11093,0,0,2,"CHG",2
"106","OR482510.1",11158,11159,0,0,2,"CHG",2
"107","OR482510.1",11175,11176,0,0,2,"CHG",2
"108","OR482510.1",11199,11200,0,0,1,"CHG",1
"109","OR482510.1",12312,12313,0,0,1,"CHG",1
"110","OR482510.1",12365,12366,0,0,2,"CHG",2
"111","OR482510.1",12376,12377,0,0,3,"CHG",3
"112","OR482510.1",12435,12436,0,0,6,"CHG",6
"113","OR482510.1",12464,12465,16,1,5,"CHG",6
"114","OR482510.1",12475,12476,0,0,5,"CHG",5
"115","OR482510.1",12479,12480,60,3,2,"CHG",5
"116","OR482510.1",12511,12512,0,0,4,"CHG",4
"117","OR482510.1",12552,12553,0,0,1,"CHG",1
"118","OR482510.1",12565,12566,0,0,1,"CHG",1
"119","OR482510.1",12616,12617,0,0,1,"CHG",1
"120","OR482510.1",12626,12627,0,0,1,"CHG",1
"121","OR482510.1",12632,12633,0,0,1,"CHG",1
"122","OR482510.1",12674,12675,0,0,1,"CHG",1
"123","OR482510.1",12694,12695,0,0,2,"CHG",2
"124","OR482510.1",12701,12702,0,0,2,"CHG",2
"125","OR482510.1",12709,12710,0,0,2,"CHG",2
"126","OR482510.1",12734,12735,0,0,1,"CHG",1
"127","OR482510.1",12769,12770,0,0,1,"CHG",1
"128","OR482510.1",12785,12786,0,0,1,"CHG",1
"129","OR482510.1",12798,12799,0,0,1,"CHG",1
"130","OR482510.1",12817,12818,0,0,1,"CHG",1
"131","OR482510.1",13503,13504,0,0,1,"CHG",1
"132","OR482510.1",13611,13612,0,0,1,"CHG",1
"133","OR482510.1",13622,13623,0,0,1,"CHG",1
"134","OR482510.1",13647,13648,0,0,1,"CHG",1
"135","OR482510.1",13658,13659,0,0,1,"CHG",1
"136","OR482510.1",13761,13762,0,0,5,"CHG",5
"137","OR482510.1",13771,13772,0,0,5,"CHG",5
"138","OR482510.1",13795,13796,20,1,4,"CHG",5
"139","OR482510.1",13859,13860,0,0,3,"CHG",3
"140","OR482510.1",15392,15393,0,0,1,"CHG",1
"141","OR482510.1",15409,15410,0,0,1,"CHG",1
"142","OR482510.1",15420,15421,0,0,1,"CHG",1
"143","OR482510.1",15490,15491,0,0,1,"CHG",1
"144","OR482510.1",15499,15500,0,0,1,"CHG",1
"145","OR482510.1",15855,15856,0,0,12,"CHG",12
"146","OR482510.1",15950,15951,0,0,4,"CHG",4
"147","OR482510.1",16022,16023,0,0,2,"CHG",2
"148","OR482510.1",16035,16036,0,0,2,"CHG",2
"149","OR482510.1",16055,16056,0,0,3,"CHG",3
"150","OR482510.1",16143,16144,0,0,1,"CHG",1
"151","OR482510.1",1952,1953,0,0,1,"CHH",1
"152","OR482510.1",1954,1955,0,0,1,"CHH",1
"153","OR482510.1",1955,1956,0,0,1,"CHH",1
"154","OR482510.1",1966,1967,100,1,0,"CHH",1
"155","OR482510.1",1985,1986,100,1,0,"CHH",1
"156","OR482510.1",1990,1991,0,0,1,"CHH",1
"157","OR482510.1",1994,1995,0,0,1,"CHH",1
"158","OR482510.1",1999,2000,0,0,1,"CHH",1
"159","OR482510.1",2003,2004,0,0,1,"CHH",1
"160","OR482510.1",2004,2005,0,0,1,"CHH",1
"161","OR482510.1",2008,2009,0,0,1,"CHH",1
"162","OR482510.1",2016,2017,100,1,0,"CHH",1
"163","OR482510.1",2017,2018,0,0,1,"CHH",1
"164","OR482510.1",2023,2024,0,0,1,"CHH",1
"165","OR482510.1",2028,2029,0,0,1,"CHH",1
"166","OR482510.1",2029,2030,0,0,1,"CHH",1
"167","OR482510.1",2031,2032,0,0,1,"CHH",1
"168","OR482510.1",2035,2036,0,0,1,"CHH",1
"169","OR482510.1",2040,2041,0,0,1,"CHH",1
"170","OR482510.1",2056,2057,0,0,1,"CHH",1
"171","OR482510.1",2060,2061,0,0,1,"CHH",1
"172","OR482510.1",2064,2065,0,0,1,"CHH",1
"173","OR482510.1",2065,2066,0,0,1,"CHH",1
"174","OR482510.1",2072,2073,0,0,1,"CHH",1
"175","OR482510.1",2142,2143,0,0,1,"CHH",1
"176","OR482510.1",2155,2156,0,0,2,"CHH",2
"177","OR482510.1",2157,2158,0,0,2,"CHH",2
"178","OR482510.1",2166,2167,0,0,2,"CHH",2
"179","OR482510.1",2175,2176,0,0,2,"CHH",2
"180","OR482510.1",2177,2178,0,0,2,"CHH",2
"181","OR482510.1",2178,2179,0,0,2,"CHH",2
"182","OR482510.1",2180,2181,0,0,2,"CHH",2
"183","OR482510.1",2184,2185,0,0,2,"CHH",2
"184","OR482510.1",2189,2190,0,0,2,"CHH",2
"185","OR482510.1",2202,2203,0,0,3,"CHH",3
"186","OR482510.1",2204,2205,0,0,3,"CHH",3
"187","OR482510.1",2205,2206,0,0,3,"CHH",3
"188","OR482510.1",2229,2230,0,0,4,"CHH",4
"189","OR482510.1",2244,2245,25,1,3,"CHH",4
"190","OR482510.1",2245,2246,0,0,4,"CHH",4
"191","OR482510.1",2246,2247,0,0,4,"CHH",4
"192","OR482510.1",2254,2255,25,1,3,"CHH",4
"193","OR482510.1",2261,2262,0,0,5,"CHH",5
"194","OR482510.1",2263,2264,40,2,3,"CHH",5
"195","OR482510.1",2264,2265,0,0,5,"CHH",5
"196","OR482510.1",2274,2275,0,0,5,"CHH",5
"197","OR482510.1",2279,2280,0,0,5,"CHH",5
"198","OR482510.1",2286,2287,20,1,4,"CHH",5
"199","OR482510.1",2287,2288,0,0,5,"CHH",5
"200","OR482510.1",2288,2289,0,0,5,"CHH",5
"201","OR482510.1",2289,2290,0,0,5,"CHH",5
"202","OR482510.1",2299,2300,20,1,4,"CHH",5
"203","OR482510.1",2305,2306,0,0,5,"CHH",5
"204","OR482510.1",2315,2316,0,0,5,"CHH",5
"205","OR482510.1",2316,2317,0,0,5,"CHH",5
"206","OR482510.1",2319,2320,0,0,5,"CHH",5
"207","OR482510.1",2320,2321,0,0,5,"CHH",5
"208","OR482510.1",2321,2322,0,0,5,"CHH",5
"209","OR482510.1",2328,2329,0,0,5,"CHH",5
"210","OR482510.1",2354,2355,50,1,1,"CHH",2
"211","OR482510.1",2361,2362,0,0,2,"CHH",2
"212","OR482510.1",2362,2363,0,0,2,"CHH",2
"213","OR482510.1",2363,2364,0,0,2,"CHH",2
"214","OR482510.1",2364,2365,0,0,2,"CHH",2
"215","OR482510.1",2365,2366,0,0,2,"CHH",2
"216","OR482510.1",2380,2381,0,0,2,"CHH",2
"217","OR482510.1",2382,2383,50,1,1,"CHH",2
"218","OR482510.1",2383,2384,0,0,2,"CHH",2
"219","OR482510.1",2384,2385,0,0,2,"CHH",2
"220","OR482510.1",2385,2386,0,0,2,"CHH",2
"221","OR482510.1",2386,2387,0,0,2,"CHH",2
"222","OR482510.1",2388,2389,0,0,2,"CHH",2
"223","OR482510.1",2389,2390,0,0,2,"CHH",2
"224","OR482510.1",2392,2393,0,0,2,"CHH",2
"225","OR482510.1",2395,2396,50,1,1,"CHH",2
"226","OR482510.1",2408,2409,0,0,1,"CHH",1
"227","OR482510.1",10596,10597,0,0,1,"CHH",1
"228","OR482510.1",10600,10601,0,0,1,"CHH",1
"229","OR482510.1",10601,10602,0,0,1,"CHH",1
"230","OR482510.1",10606,10607,0,0,1,"CHH",1
"231","OR482510.1",10607,10608,0,0,1,"CHH",1
"232","OR482510.1",10609,10610,0,0,1,"CHH",1
"233","OR482510.1",10614,10615,0,0,1,"CHH",1
"234","OR482510.1",10616,10617,0,0,1,"CHH",1
"235","OR482510.1",10622,10623,0,0,1,"CHH",1
"236","OR482510.1",10623,10624,0,0,1,"CHH",1
"237","OR482510.1",10633,10634,0,0,1,"CHH",1
"238","OR482510.1",10634,10635,0,0,1,"CHH",1
"239","OR482510.1",10641,10642,0,0,1,"CHH",1
"240","OR482510.1",10645,10646,0,0,1,"CHH",1
"241","OR482510.1",10651,10652,0,0,1,"CHH",1
"242","OR482510.1",10652,10653,0,0,1,"CHH",1
"243","OR482510.1",10659,10660,0,0,1,"CHH",1
"244","OR482510.1",10662,10663,0,0,1,"CHH",1
"245","OR482510.1",10667,10668,0,0,1,"CHH",1
"246","OR482510.1",10675,10676,0,0,1,"CHH",1
"247","OR482510.1",10676,10677,0,0,1,"CHH",1
"248","OR482510.1",10686,10687,0,0,1,"CHH",1
"249","OR482510.1",10695,10696,0,0,1,"CHH",1
"250","OR482510.1",10696,10697,0,0,1,"CHH",1
"251","OR482510.1",10703,10704,0,0,1,"CHH",1
"252","OR482510.1",10705,10706,0,0,1,"CHH",1
"253","OR482510.1",10706,10707,0,0,1,"CHH",1
"254","OR482510.1",10731,10732,0,0,1,"CHH",1
"255","OR482510.1",10734,10735,0,0,1,"CHH",1
"256","OR482510.1",10736,10737,0,0,1,"CHH",1
"257","OR482510.1",10741,10742,0,0,1,"CHH",1
"258","OR482510.1",10742,10743,0,0,1,"CHH",1
"259","OR482510.1",10743,10744,0,0,1,"CHH",1
"260","OR482510.1",10744,10745,0,0,1,"CHH",1
"261","OR482510.1",10746,10747,0,0,1,"CHH",1
"262","OR482510.1",10748,10749,0,0,1,"CHH",1
"263","OR482510.1",10761,10762,0,0,1,"CHH",1
"264","OR482510.1",10771,10772,0,0,1,"CHH",1
"265","OR482510.1",10774,10775,0,0,1,"CHH",1
"266","OR482510.1",10786,10787,0,0,1,"CHH",1
"267","OR482510.1",10787,10788,0,0,1,"CHH",1
"268","OR482510.1",10818,10819,0,0,2,"CHH",2
"269","OR482510.1",10819,10820,0,0,2,"CHH",2
"270","OR482510.1",10820,10821,0,0,2,"CHH",2
"271","OR482510.1",10828,10829,0,0,2,"CHH",2
"272","OR482510.1",10830,10831,0,0,2,"CHH",2
"273","OR482510.1",10832,10833,0,0,2,"CHH",2
"274","OR482510.1",10834,10835,0,0,2,"CHH",2
"275","OR482510.1",10835,10836,0,0,2,"CHH",2
"276","OR482510.1",10836,10837,0,0,2,"CHH",2
"277","OR482510.1",10841,10842,0,0,3,"CHH",3
"278","OR482510.1",10848,10849,0,0,3,"CHH",3
"279","OR482510.1",10849,10850,0,0,3,"CHH",3
"280","OR482510.1",10850,10851,0,0,3,"CHH",3
"281","OR482510.1",10852,10853,0,0,3,"CHH",3
"282","OR482510.1",10856,10857,0,0,3,"CHH",3
"283","OR482510.1",10859,10860,0,0,3,"CHH",3
"284","OR482510.1",10862,10863,0,0,3,"CHH",3
"285","OR482510.1",10876,10877,0,0,2,"CHH",2
"286","OR482510.1",10878,10879,0,0,3,"CHH",3
"287","OR482510.1",10879,10880,0,0,3,"CHH",3
"288","OR482510.1",10880,10881,0,0,3,"CHH",3
"289","OR482510.1",10882,10883,0,0,3,"CHH",3
"290","OR482510.1",10884,10885,0,0,3,"CHH",3
"291","OR482510.1",10885,10886,0,0,3,"CHH",3
"292","OR482510.1",10886,10887,0,0,3,"CHH",3
"293","OR482510.1",10888,10889,0,0,3,"CHH",3
"294","OR482510.1",10893,10894,0,0,4,"CHH",4
"295","OR482510.1",10894,10895,0,0,4,"CHH",4
"296","OR482510.1",10897,10898,0,0,4,"CHH",4
"297","OR482510.1",10905,10906,0,0,5,"CHH",5
"298","OR482510.1",10909,10910,0,0,5,"CHH",5
"299","OR482510.1",10911,10912,0,0,5,"CHH",5
"300","OR482510.1",10914,10915,0,0,6,"CHH",6
"301","OR482510.1",10915,10916,0,0,6,"CHH",6
"302","OR482510.1",10916,10917,0,0,6,"CHH",6
"303","OR482510.1",10917,10918,0,0,6,"CHH",6
"304","OR482510.1",10919,10920,0,0,6,"CHH",6
"305","OR482510.1",10923,10924,0,0,6,"CHH",6
"306","OR482510.1",10926,10927,0,0,5,"CHH",5
"307","OR482510.1",10936,10937,0,0,6,"CHH",6
"308","OR482510.1",10940,10941,0,0,6,"CHH",6
"309","OR482510.1",10957,10958,0,0,7,"CHH",7
"310","OR482510.1",10958,10959,0,0,7,"CHH",7
"311","OR482510.1",10965,10966,0,0,6,"CHH",6
"312","OR482510.1",10982,10983,14,1,6,"CHH",7
"313","OR482510.1",10983,10984,0,0,7,"CHH",7
"314","OR482510.1",10984,10985,0,0,6,"CHH",6
"315","OR482510.1",10995,10996,0,0,5,"CHH",5
"316","OR482510.1",10997,10998,0,0,6,"CHH",6
"317","OR482510.1",11000,11001,0,0,6,"CHH",6
"318","OR482510.1",11006,11007,16,1,5,"CHH",6
"319","OR482510.1",11009,11010,0,0,5,"CHH",5
"320","OR482510.1",11010,11011,0,0,5,"CHH",5
"321","OR482510.1",11016,11017,0,0,4,"CHH",4
"322","OR482510.1",11018,11019,0,0,5,"CHH",5
"323","OR482510.1",11028,11029,20,1,4,"CHH",5
"324","OR482510.1",11029,11030,0,0,5,"CHH",5
"325","OR482510.1",11030,11031,0,0,4,"CHH",4
"326","OR482510.1",11041,11042,0,0,3,"CHH",3
"327","OR482510.1",11062,11063,0,0,3,"CHH",3
"328","OR482510.1",11063,11064,0,0,3,"CHH",3
"329","OR482510.1",11066,11067,0,0,2,"CHH",2
"330","OR482510.1",11080,11081,0,0,2,"CHH",2
"331","OR482510.1",11086,11087,0,0,2,"CHH",2
"332","OR482510.1",11104,11105,0,0,2,"CHH",2
"333","OR482510.1",11108,11109,50,1,1,"CHH",2
"334","OR482510.1",11114,11115,50,1,1,"CHH",2
"335","OR482510.1",11115,11116,0,0,2,"CHH",2
"336","OR482510.1",11117,11118,0,0,2,"CHH",2
"337","OR482510.1",11119,11120,0,0,2,"CHH",2
"338","OR482510.1",11121,11122,0,0,2,"CHH",2
"339","OR482510.1",11122,11123,0,0,2,"CHH",2
"340","OR482510.1",11134,11135,0,0,2,"CHH",2
"341","OR482510.1",11138,11139,0,0,2,"CHH",2
"342","OR482510.1",11139,11140,0,0,2,"CHH",2
"343","OR482510.1",11140,11141,0,0,2,"CHH",2
"344","OR482510.1",11149,11150,0,0,2,"CHH",2
"345","OR482510.1",11150,11151,0,0,2,"CHH",2
"346","OR482510.1",11154,11155,0,0,2,"CHH",2
"347","OR482510.1",11155,11156,0,0,1,"CHH",1
"348","OR482510.1",11156,11157,0,0,2,"CHH",2
"349","OR482510.1",11179,11180,0,0,1,"CHH",1
"350","OR482510.1",11181,11182,0,0,1,"CHH",1
"351","OR482510.1",11182,11183,0,0,1,"CHH",1
"352","OR482510.1",11188,11189,0,0,1,"CHH",1
"353","OR482510.1",11189,11190,0,0,1,"CHH",1
"354","OR482510.1",11194,11195,0,0,1,"CHH",1
"355","OR482510.1",11195,11196,0,0,1,"CHH",1
"356","OR482510.1",11203,11204,100,1,0,"CHH",1
"357","OR482510.1",11204,11205,0,0,1,"CHH",1
"358","OR482510.1",11211,11212,0,0,1,"CHH",1
"359","OR482510.1",11212,11213,0,0,1,"CHH",1
"360","OR482510.1",11213,11214,0,0,1,"CHH",1
"361","OR482510.1",12318,12319,0,0,1,"CHH",1
"362","OR482510.1",12327,12328,0,0,2,"CHH",2
"363","OR482510.1",12328,12329,0,0,2,"CHH",2
"364","OR482510.1",12330,12331,0,0,2,"CHH",2
"365","OR482510.1",12331,12332,0,0,2,"CHH",2
"366","OR482510.1",12339,12340,0,0,2,"CHH",2
"367","OR482510.1",12340,12341,0,0,2,"CHH",2
"368","OR482510.1",12347,12348,0,0,2,"CHH",2
"369","OR482510.1",12348,12349,0,0,2,"CHH",2
"370","OR482510.1",12358,12359,0,0,2,"CHH",2
"371","OR482510.1",12363,12364,0,0,2,"CHH",2
"372","OR482510.1",12368,12369,0,0,2,"CHH",2
"373","OR482510.1",12381,12382,0,0,4,"CHH",4
"374","OR482510.1",12382,12383,0,0,4,"CHH",4
"375","OR482510.1",12385,12386,0,0,4,"CHH",4
"376","OR482510.1",12390,12391,0,0,4,"CHH",4
"377","OR482510.1",12411,12412,16,1,5,"CHH",6
"378","OR482510.1",12419,12420,0,0,6,"CHH",6
"379","OR482510.1",12424,12425,0,0,6,"CHH",6
"380","OR482510.1",12427,12428,0,0,6,"CHH",6
"381","OR482510.1",12429,12430,0,0,6,"CHH",6
"382","OR482510.1",12458,12459,0,0,6,"CHH",6
"383","OR482510.1",12462,12463,16,1,5,"CHH",6
"384","OR482510.1",12470,12471,66,4,2,"CHH",6
"385","OR482510.1",12471,12472,50,3,3,"CHH",6
"386","OR482510.1",12472,12473,33,2,4,"CHH",6
"387","OR482510.1",12514,12515,25,1,3,"CHH",4
"388","OR482510.1",12519,12520,0,0,3,"CHH",3
"389","OR482510.1",12521,12522,0,0,3,"CHH",3
"390","OR482510.1",12527,12528,0,0,3,"CHH",3
"391","OR482510.1",12536,12537,0,0,2,"CHH",2
"392","OR482510.1",12539,12540,0,0,2,"CHH",2
"393","OR482510.1",12540,12541,0,0,2,"CHH",2
"394","OR482510.1",12545,12546,0,0,2,"CHH",2
"395","OR482510.1",12549,12550,100,1,0,"CHH",1
"396","OR482510.1",12551,12552,0,0,1,"CHH",1
"397","OR482510.1",12562,12563,0,0,1,"CHH",1
"398","OR482510.1",12571,12572,0,0,2,"CHH",2
"399","OR482510.1",12578,12579,0,0,1,"CHH",1
"400","OR482510.1",12581,12582,0,0,1,"CHH",1
"401","OR482510.1",12588,12589,0,0,1,"CHH",1
"402","OR482510.1",12595,12596,0,0,1,"CHH",1
"403","OR482510.1",12599,12600,0,0,1,"CHH",1
"404","OR482510.1",12600,12601,0,0,1,"CHH",1
"405","OR482510.1",12601,12602,0,0,1,"CHH",1
"406","OR482510.1",12604,12605,0,0,1,"CHH",1
"407","OR482510.1",12605,12606,0,0,1,"CHH",1
"408","OR482510.1",12607,12608,0,0,1,"CHH",1
"409","OR482510.1",12610,12611,0,0,1,"CHH",1
"410","OR482510.1",12615,12616,0,0,1,"CHH",1
"411","OR482510.1",12629,12630,0,0,1,"CHH",1
"412","OR482510.1",12636,12637,0,0,1,"CHH",1
"413","OR482510.1",12644,12645,0,0,1,"CHH",1
"414","OR482510.1",12645,12646,0,0,1,"CHH",1
"415","OR482510.1",12646,12647,0,0,1,"CHH",1
"416","OR482510.1",12655,12656,0,0,1,"CHH",1
"417","OR482510.1",12658,12659,0,0,1,"CHH",1
"418","OR482510.1",12660,12661,0,0,1,"CHH",1
"419","OR482510.1",12661,12662,0,0,1,"CHH",1
"420","OR482510.1",12662,12663,0,0,1,"CHH",1
"421","OR482510.1",12667,12668,0,0,1,"CHH",1
"422","OR482510.1",12669,12670,0,0,1,"CHH",1
"423","OR482510.1",12670,12671,0,0,1,"CHH",1
"424","OR482510.1",12671,12672,0,0,1,"CHH",1
"425","OR482510.1",12672,12673,0,0,1,"CHH",1
"426","OR482510.1",12677,12678,0,0,1,"CHH",1
"427","OR482510.1",12678,12679,0,0,1,"CHH",1
"428","OR482510.1",12688,12689,0,0,2,"CHH",2
"429","OR482510.1",12689,12690,0,0,2,"CHH",2
"430","OR482510.1",12692,12693,0,0,2,"CHH",2
"431","OR482510.1",12699,12700,0,0,2,"CHH",2
"432","OR482510.1",12704,12705,0,0,2,"CHH",2
"433","OR482510.1",12705,12706,0,0,2,"CHH",2
"434","OR482510.1",12706,12707,0,0,2,"CHH",2
"435","OR482510.1",12712,12713,0,0,2,"CHH",2
"436","OR482510.1",12716,12717,0,0,1,"CHH",1
"437","OR482510.1",12720,12721,0,0,1,"CHH",1
"438","OR482510.1",12722,12723,0,0,1,"CHH",1
"439","OR482510.1",12723,12724,0,0,1,"CHH",1
"440","OR482510.1",12744,12745,0,0,1,"CHH",1
"441","OR482510.1",12745,12746,0,0,1,"CHH",1
"442","OR482510.1",12747,12748,0,0,1,"CHH",1
"443","OR482510.1",12748,12749,0,0,1,"CHH",1
"444","OR482510.1",12758,12759,0,0,1,"CHH",1
"445","OR482510.1",12763,12764,0,0,1,"CHH",1
"446","OR482510.1",12764,12765,0,0,1,"CHH",1
"447","OR482510.1",12765,12766,0,0,1,"CHH",1
"448","OR482510.1",12766,12767,0,0,1,"CHH",1
"449","OR482510.1",12768,12769,0,0,1,"CHH",1
"450","OR482510.1",12781,12782,0,0,1,"CHH",1
"451","OR482510.1",12788,12789,0,0,1,"CHH",1
"452","OR482510.1",12789,12790,0,0,1,"CHH",1
"453","OR482510.1",12790,12791,0,0,1,"CHH",1
"454","OR482510.1",12792,12793,0,0,1,"CHH",1
"455","OR482510.1",12794,12795,0,0,1,"CHH",1
"456","OR482510.1",12795,12796,0,0,1,"CHH",1
"457","OR482510.1",12797,12798,0,0,1,"CHH",1
"458","OR482510.1",12801,12802,0,0,1,"CHH",1
"459","OR482510.1",12802,12803,0,0,1,"CHH",1
"460","OR482510.1",12807,12808,0,0,1,"CHH",1
"461","OR482510.1",12808,12809,0,0,1,"CHH",1
"462","OR482510.1",12815,12816,0,0,1,"CHH",1
"463","OR482510.1",12816,12817,0,0,1,"CHH",1
"464","OR482510.1",12826,12827,0,0,1,"CHH",1
"465","OR482510.1",13459,13460,0,0,1,"CHH",1
"466","OR482510.1",13460,13461,0,0,1,"CHH",1
"467","OR482510.1",13471,13472,0,0,1,"CHH",1
"468","OR482510.1",13483,13484,0,0,1,"CHH",1
"469","OR482510.1",13525,13526,0,0,1,"CHH",1
"470","OR482510.1",13548,13549,0,0,1,"CHH",1
"471","OR482510.1",13552,13553,0,0,1,"CHH",1
"472","OR482510.1",13553,13554,0,0,1,"CHH",1
"473","OR482510.1",13570,13571,0,0,1,"CHH",1
"474","OR482510.1",13590,13591,0,0,1,"CHH",1
"475","OR482510.1",13600,13601,0,0,1,"CHH",1
"476","OR482510.1",13606,13607,0,0,1,"CHH",1
"477","OR482510.1",13607,13608,0,0,1,"CHH",1
"478","OR482510.1",13618,13619,0,0,1,"CHH",1
"479","OR482510.1",13629,13630,0,0,1,"CHH",1
"480","OR482510.1",13633,13634,0,0,1,"CHH",1
"481","OR482510.1",13643,13644,0,0,1,"CHH",1
"482","OR482510.1",13648,13649,0,0,1,"CHH",1
"483","OR482510.1",13650,13651,0,0,1,"CHH",1
"484","OR482510.1",13654,13655,0,0,1,"CHH",1
"485","OR482510.1",13665,13666,0,0,1,"CHH",1
"486","OR482510.1",13666,13667,0,0,1,"CHH",1
"487","OR482510.1",13706,13707,0,0,3,"CHH",3
"488","OR482510.1",13720,13721,0,0,3,"CHH",3
"489","OR482510.1",13721,13722,0,0,3,"CHH",3
"490","OR482510.1",13731,13732,0,0,4,"CHH",4
"491","OR482510.1",13768,13769,0,0,5,"CHH",5
"492","OR482510.1",13802,13803,20,1,4,"CHH",5
"493","OR482510.1",13803,13804,20,1,4,"CHH",5
"494","OR482510.1",13804,13805,20,1,4,"CHH",5
"495","OR482510.1",13817,13818,0,0,4,"CHH",4
"496","OR482510.1",13825,13826,25,1,3,"CHH",4
"497","OR482510.1",13848,13849,0,0,3,"CHH",3
"498","OR482510.1",13849,13850,0,0,3,"CHH",3
"499","OR482510.1",13853,13854,0,0,3,"CHH",3
"500","OR482510.1",13856,13857,0,0,3,"CHH",3
"501","OR482510.1",13860,13861,0,0,3,"CHH",3
"502","OR482510.1",13874,13875,0,0,3,"CHH",3
"503","OR482510.1",13897,13898,0,0,2,"CHH",2
"504","OR482510.1",13899,13900,0,0,2,"CHH",2
"505","OR482510.1",13907,13908,0,0,2,"CHH",2
"506","OR482510.1",15387,15388,0,0,1,"CHH",1
"507","OR482510.1",15389,15390,0,0,1,"CHH",1
"508","OR482510.1",15391,15392,100,1,0,"CHH",1
"509","OR482510.1",15408,15409,0,0,1,"CHH",1
"510","OR482510.1",15415,15416,0,0,1,"CHH",1
"511","OR482510.1",15417,15418,0,0,1,"CHH",1
"512","OR482510.1",15419,15420,0,0,1,"CHH",1
"513","OR482510.1",15438,15439,0,0,1,"CHH",1
"514","OR482510.1",15445,15446,0,0,1,"CHH",1
"515","OR482510.1",15448,15449,0,0,1,"CHH",1
"516","OR482510.1",15449,15450,0,0,1,"CHH",1
"517","OR482510.1",15458,15459,0,0,1,"CHH",1
"518","OR482510.1",15464,15465,0,0,1,"CHH",1
"519","OR482510.1",15465,15466,0,0,1,"CHH",1
"520","OR482510.1",15467,15468,0,0,1,"CHH",1
"521","OR482510.1",15470,15471,0,0,1,"CHH",1
"522","OR482510.1",15471,15472,0,0,1,"CHH",1
"523","OR482510.1",15476,15477,0,0,1,"CHH",1
"524","OR482510.1",15477,15478,0,0,1,"CHH",1
"525","OR482510.1",15481,15482,0,0,1,"CHH",1
"526","OR482510.1",15483,15484,0,0,1,"CHH",1
"527","OR482510.1",15484,15485,0,0,1,"CHH",1
"528","OR482510.1",15486,15487,0,0,1,"CHH",1
"529","OR482510.1",15494,15495,0,0,1,"CHH",1
"530","OR482510.1",15511,15512,0,0,1,"CHH",1
"531","OR482510.1",15512,15513,0,0,1,"CHH",1
"532","OR482510.1",15513,15514,0,0,1,"CHH",1
"533","OR482510.1",15523,15524,0,0,1,"CHH",1
"534","OR482510.1",15527,15528,0,0,1,"CHH",1
"535","OR482510.1",15529,15530,0,0,1,"CHH",1
"536","OR482510.1",15536,15537,0,0,1,"CHH",1
"537","OR482510.1",15707,15708,0,0,2,"CHH",2
"538","OR482510.1",15710,15711,0,0,2,"CHH",2
"539","OR482510.1",15726,15727,0,0,4,"CHH",4
"540","OR482510.1",15727,15728,0,0,4,"CHH",4
"541","OR482510.1",15732,15733,0,0,4,"CHH",4
"542","OR482510.1",15739,15740,0,0,4,"CHH",4
"543","OR482510.1",15743,15744,0,0,5,"CHH",5
"544","OR482510.1",15749,15750,0,0,6,"CHH",6
"545","OR482510.1",15752,15753,0,0,6,"CHH",6
"546","OR482510.1",15763,15764,0,0,6,"CHH",6
"547","OR482510.1",15765,15766,16,1,5,"CHH",6
"548","OR482510.1",15766,15767,0,0,6,"CHH",6
"549","OR482510.1",15771,15772,0,0,7,"CHH",7
"550","OR482510.1",15782,15783,14,1,6,"CHH",7
"551","OR482510.1",15783,15784,0,0,7,"CHH",7
"552","OR482510.1",15787,15788,0,0,7,"CHH",7
"553","OR482510.1",15798,15799,0,0,9,"CHH",9
"554","OR482510.1",15801,15802,0,0,9,"CHH",9
"555","OR482510.1",15814,15815,0,0,11,"CHH",11
"556","OR482510.1",15821,15822,0,0,11,"CHH",11
"557","OR482510.1",15834,15835,50,6,6,"CHH",12
"558","OR482510.1",15835,15836,0,0,12,"CHH",12
"559","OR482510.1",15838,15839,8,1,11,"CHH",12
"560","OR482510.1",15843,15844,16,2,10,"CHH",12
"561","OR482510.1",15845,15846,8,1,11,"CHH",12
"562","OR482510.1",15865,15866,63,7,4,"CHH",11
"563","OR482510.1",15872,15873,30,3,7,"CHH",10
"564","OR482510.1",15873,15874,0,0,10,"CHH",10
"565","OR482510.1",15877,15878,10,1,9,"CHH",10
"566","OR482510.1",15879,15880,0,0,10,"CHH",10
"567","OR482510.1",15883,15884,0,0,10,"CHH",10
"568","OR482510.1",15885,15886,0,0,10,"CHH",10
"569","OR482510.1",15887,15888,0,0,10,"CHH",10
"570","OR482510.1",15894,15895,0,0,9,"CHH",9
"571","OR482510.1",15903,15904,0,0,9,"CHH",9
"572","OR482510.1",15904,15905,0,0,9,"CHH",9
"573","OR482510.1",15909,15910,37,3,5,"CHH",8
"574","OR482510.1",15911,15912,0,0,9,"CHH",9
"575","OR482510.1",15917,15918,0,0,8,"CHH",8
"576","OR482510.1",15918,15919,0,0,8,"CHH",8
"577","OR482510.1",15919,15920,0,0,8,"CHH",8
"578","OR482510.1",15921,15922,28,2,5,"CHH",7
"579","OR482510.1",15922,15923,0,0,7,"CHH",7
"580","OR482510.1",15926,15927,14,1,6,"CHH",7
"581","OR482510.1",15928,15929,0,0,7,"CHH",7
"582","OR482510.1",15954,15955,50,2,2,"CHH",4
"583","OR482510.1",15955,15956,0,0,4,"CHH",4
"584","OR482510.1",15958,15959,0,0,3,"CHH",3
"585","OR482510.1",15963,15964,0,0,3,"CHH",3
"586","OR482510.1",15964,15965,0,0,3,"CHH",3
"587","OR482510.1",15969,15970,0,0,2,"CHH",2
"588","OR482510.1",15976,15977,0,0,2,"CHH",2
"589","OR482510.1",15977,15978,0,0,2,"CHH",2
"590","OR482510.1",16000,16001,0,0,2,"CHH",2
"591","OR482510.1",16003,16004,0,0,2,"CHH",2
"592","OR482510.1",16018,16019,0,0,2,"CHH",2
"593","OR482510.1",16020,16021,0,0,2,"CHH",2
"594","OR482510.1",16034,16035,0,0,2,"CHH",2
"595","OR482510.1",16039,16040,0,0,3,"CHH",3
"596","OR482510.1",16048,16049,0,0,3,"CHH",3
"597","OR482510.1",16049,16050,0,0,3,"CHH",3
"598","OR482510.1",16060,16061,0,0,2,"CHH",2
"599","OR482510.1",16061,16062,0,0,2,"CHH",2
"600","OR482510.1",16063,16064,0,0,2,"CHH",2
"601","OR482510.1",16074,16075,0,0,2,"CHH",2
"602","OR482510.1",16077,16078,0,0,2,"CHH",2
"603","OR482510.1",16078,16079,0,0,2,"CHH",2
"604","OR482510.1",16080,16081,0,0,2,"CHH",2
"605","OR482510.1",16084,16085,0,0,1,"CHH",1
"606","OR482510.1",16091,16092,0,0,1,"CHH",1
"607","OR482510.1",16092,16093,0,0,1,"CHH",1
"608","OR482510.1",16100,16101,0,0,1,"CHH",1
"609","OR482510.1",16120,16121,0,0,1,"CHH",1
"610","OR482510.1",16135,16136,0,0,1,"CHH",1
"611","OR482510.1",16136,16137,0,0,1,"CHH",1
"612","OR482510.1",16138,16139,0,0,1,"CHH",1
"613","OR482510.1",16139,16140,0,0,1,"CHH",1
"614","OR482510.1",16152,16153,0,0,1,"CHH",1
"615","OR482510.1",16156,16157,0,0,1,"CHH",1
"616","OR482510.1",16157,16158,0,0,1,"CHH",1
"617","OR482510.1",16164,16165,0,0,1,"CHH",1
