"","CHROM","POS","STRAND","METHYLATED","UNMETHYLATED","CONTEXT","TRINUCLEOTIDE"
"1","OR482510.1",6,"+",0,0,"CG","CGT"
"2","OR482510.1",7,"-",0,0,"CG","CGC"
"3","OR482510.1",61,"+",0,0,"CG","CGC"
"4","OR482510.1",62,"-",0,0,"CG","CGG"
"5","OR482510.1",65,"+",0,0,"CG","CGC"
"6","OR482510.1",66,"-",0,0,"CG","CGG"
"7","OR482510.1",127,"+",0,0,"CG","CGC"
"8","OR482510.1",128,"-",0,0,"CG","CGG"
"9","OR482510.1",162,"+",0,0,"CG","CGG"
"10","OR482510.1",163,"-",0,0,"CG","CGG"
"11","OR482510.1",297,"+",0,0,"CG","CGG"
"12","OR482510.1",298,"-",0,0,"CG","CGG"
"13","OR482510.1",307,"+",0,0,"CG","CGT"
"14","OR482510.1",308,"-",0,0,"CG","CGA"
"15","OR482510.1",319,"+",0,0,"CG","CGC"
"16","OR482510.1",320,"-",0,0,"CG","CGG"
"17","OR482510.1",321,"+",0,0,"CG","CGG"
"18","OR482510.1",322,"-",0,0,"CG","CGC"
"19","OR482510.1",329,"+",0,0,"CG","CGA"
"20","OR482510.1",330,"-",0,0,"CG","CGT"
"21","OR482510.1",353,"+",0,0,"CG","CGG"
"22","OR482510.1",354,"-",0,0,"CG","CGA"
"23","OR482510.1",356,"+",0,0,"CG","CGT"
"24","OR482510.1",357,"-",0,0,"CG","CGC"
"25","OR482510.1",391,"+",0,0,"CG","CGC"
"26","OR482510.1",392,"-",0,0,"CG","CGG"
"27","OR482510.1",414,"+",0,0,"CG","CGC"
"28","OR482510.1",415,"-",0,0,"CG","CGT"
"29","OR482510.1",420,"+",0,0,"CG","CGA"
"30","OR482510.1",421,"-",0,0,"CG","CGG"
"31","OR482510.1",441,"+",0,0,"CG","CGA"
"32","OR482510.1",442,"-",0,0,"CG","CGT"
"33","OR482510.1",470,"+",0,0,"CG","CGA"
"34","OR482510.1",471,"-",0,0,"CG","CGT"
"35","OR482510.1",550,"+",0,0,"CG","CGC"
"36","OR482510.1",551,"-",0,0,"CG","CGG"
"37","OR482510.1",563,"+",0,0,"CG","CGA"
"38","OR482510.1",564,"-",0,0,"CG","CGT"
"39","OR482510.1",594,"+",0,0,"CG","CGG"
"40","OR482510.1",595,"-",0,0,"CG","CGC"
"41","OR482510.1",633,"+",0,0,"CG","CGA"
"42","OR482510.1",634,"-",0,0,"CG","CGG"
"43","OR482510.1",643,"+",0,0,"CG","CGT"
"44","OR482510.1",644,"-",0,0,"CG","CGG"
"45","OR482510.1",672,"+",0,0,"CG","CGC"
"46","OR482510.1",673,"-",0,0,"CG","CGG"
"47","OR482510.1",683,"+",0,0,"CG","CGC"
"48","OR482510.1",684,"-",0,0,"CG","CGG"
"49","OR482510.1",686,"+",0,0,"CG","CGT"
"50","OR482510.1",687,"-",0,0,"CG","CGG"
"51","OR482510.1",689,"+",0,0,"CG","CGT"
"52","OR482510.1",690,"-",0,0,"CG","CGA"
"53","OR482510.1",743,"+",0,0,"CG","CGT"
"54","OR482510.1",744,"-",0,0,"CG","CGT"
"55","OR482510.1",751,"+",0,0,"CG","CGA"
"56","OR482510.1",752,"-",0,0,"CG","CGA"
"57","OR482510.1",761,"+",0,0,"CG","CGC"
"58","OR482510.1",762,"-",0,0,"CG","CGC"
"59","OR482510.1",808,"+",0,0,"CG","CGA"
"60","OR482510.1",809,"-",0,0,"CG","CGT"
"61","OR482510.1",812,"+",0,0,"CG","CGG"
"62","OR482510.1",813,"-",0,0,"CG","CGT"
"63","OR482510.1",815,"+",0,0,"CG","CGC"
"64","OR482510.1",816,"-",0,0,"CG","CGC"
"65","OR482510.1",827,"+",0,0,"CG","CGC"
"66","OR482510.1",828,"-",0,0,"CG","CGT"
"67","OR482510.1",829,"+",0,0,"CG","CGC"
"68","OR482510.1",830,"-",0,0,"CG","CGC"
"69","OR482510.1",855,"+",0,0,"CG","CGG"
"70","OR482510.1",856,"-",0,0,"CG","CGC"
"71","OR482510.1",865,"+",0,0,"CG","CGT"
"72","OR482510.1",866,"-",0,0,"CG","CGC"
"73","OR482510.1",872,"+",0,0,"CG","CGC"
"74","OR482510.1",873,"-",0,0,"CG","CGG"
"75","OR482510.1",881,"+",0,0,"CG","CGG"
"76","OR482510.1",882,"-",0,0,"CG","CGA"
"77","OR482510.1",892,"+",0,0,"CG","CGC"
"78","OR482510.1",893,"-",0,0,"CG","CGC"
"79","OR482510.1",894,"+",0,0,"CG","CGC"
"80","OR482510.1",895,"-",0,0,"CG","CGC"
"81","OR482510.1",903,"+",0,0,"CG","CGC"
"82","OR482510.1",904,"-",0,0,"CG","CGG"
"83","OR482510.1",907,"+",0,0,"CG","CGT"
"84","OR482510.1",908,"-",0,0,"CG","CGG"
"85","OR482510.1",956,"+",0,0,"CG","CGC"
"86","OR482510.1",957,"-",0,0,"CG","CGA"
"87","OR482510.1",958,"+",0,0,"CG","CGG"
"88","OR482510.1",959,"-",0,0,"CG","CGC"
"89","OR482510.1",974,"+",0,0,"CG","CGT"
"90","OR482510.1",975,"-",0,0,"CG","CGA"
"91","OR482510.1",993,"+",0,0,"CG","CGG"
"92","OR482510.1",994,"-",0,0,"CG","CGG"
"93","OR482510.1",1065,"+",0,0,"CG","CGT"
"94","OR482510.1",1066,"-",0,0,"CG","CGG"
"95","OR482510.1",1074,"+",0,0,"CG","CGG"
"96","OR482510.1",1075,"-",0,0,"CG","CGA"
"97","OR482510.1",1087,"+",0,0,"CG","CGC"
"98","OR482510.1",1088,"-",0,0,"CG","CGT"
"99","OR482510.1",1148,"+",0,0,"CG","CGA"
"100","OR482510.1",1149,"-",0,0,"CG","CGT"
"101","OR482510.1",1192,"+",0,0,"CG","CGA"
"102","OR482510.1",1193,"-",0,0,"CG","CGC"
"103","OR482510.1",1229,"+",0,0,"CG","CGC"
"104","OR482510.1",1230,"-",0,0,"CG","CGG"
"105","OR482510.1",1239,"+",0,0,"CG","CGC"
"106","OR482510.1",1240,"-",0,0,"CG","CGA"
"107","OR482510.1",1295,"+",0,0,"CG","CGT"
"108","OR482510.1",1296,"-",0,0,"CG","CGA"
"109","OR482510.1",1323,"+",0,0,"CG","CGT"
"110","OR482510.1",1324,"-",0,0,"CG","CGC"
"111","OR482510.1",1359,"+",0,0,"CG","CGA"
"112","OR482510.1",1360,"-",0,0,"CG","CGG"
"113","OR482510.1",1400,"+",0,0,"CG","CGA"
"114","OR482510.1",1401,"-",0,0,"CG","CGC"
"115","OR482510.1",1406,"+",0,0,"CG","CGT"
"116","OR482510.1",1407,"-",0,0,"CG","CGG"
"117","OR482510.1",1459,"+",0,0,"CG","CGA"
"118","OR482510.1",1460,"-",0,0,"CG","CGG"
"119","OR482510.1",1483,"+",0,0,"CG","CGG"
"120","OR482510.1",1484,"-",0,0,"CG","CGG"
"121","OR482510.1",1613,"+",0,0,"CG","CGG"
"122","OR482510.1",1614,"-",0,0,"CG","CGG"
"123","OR482510.1",1687,"+",0,0,"CG","CGT"
"124","OR482510.1",1688,"-",0,0,"CG","CGC"
"125","OR482510.1",1756,"+",0,0,"CG","CGG"
"126","OR482510.1",1757,"-",0,0,"CG","CGG"
"127","OR482510.1",1841,"+",0,0,"CG","CGG"
"128","OR482510.1",1842,"-",0,0,"CG","CGA"
"129","OR482510.1",1846,"+",0,0,"CG","CGA"
"130","OR482510.1",1847,"-",0,0,"CG","CGT"
"131","OR482510.1",1852,"+",0,0,"CG","CGC"
"132","OR482510.1",1853,"-",0,0,"CG","CGG"
"133","OR482510.1",1857,"+",0,0,"CG","CGA"
"134","OR482510.1",1858,"-",0,0,"CG","CGG"
"135","OR482510.1",1867,"+",0,0,"CG","CGA"
"136","OR482510.1",1868,"-",0,0,"CG","CGT"
"137","OR482510.1",1877,"+",0,0,"CG","CGA"
"138","OR482510.1",1878,"-",0,0,"CG","CGT"
"139","OR482510.1",1932,"+",0,0,"CG","CGT"
"140","OR482510.1",1933,"-",0,0,"CG","CGG"
"141","OR482510.1",1988,"+",0,1,"CG","CGG"
"142","OR482510.1",1989,"-",0,0,"CG","CGA"
"143","OR482510.1",2007,"+",0,1,"CG","CGC"
"144","OR482510.1",2008,"-",0,0,"CG","CGA"
"145","OR482510.1",2027,"+",0,1,"CG","CGC"
"146","OR482510.1",2028,"-",0,0,"CG","CGA"
"147","OR482510.1",2059,"+",0,1,"CG","CGC"
"148","OR482510.1",2060,"-",0,0,"CG","CGG"
"149","OR482510.1",2085,"+",0,1,"CG","CGG"
"150","OR482510.1",2086,"-",0,0,"CG","CGT"
"151","OR482510.1",2089,"+",0,1,"CG","CGC"
"152","OR482510.1",2090,"-",0,0,"CG","CGG"
"153","OR482510.1",2091,"+",0,1,"CG","CGG"
"154","OR482510.1",2092,"-",0,0,"CG","CGC"
"155","OR482510.1",2103,"+",0,0,"CG","CGT"
"156","OR482510.1",2104,"-",0,0,"CG","CGG"
"157","OR482510.1",2116,"+",0,0,"CG","CGC"
"158","OR482510.1",2117,"-",0,0,"CG","CGC"
"159","OR482510.1",2161,"+",0,2,"CG","CGA"
"160","OR482510.1",2162,"-",0,0,"CG","CGT"
"161","OR482510.1",2208,"+",0,3,"CG","CGT"
"162","OR482510.1",2209,"-",0,0,"CG","CGG"
"163","OR482510.1",2218,"+",0,3,"CG","CGG"
"164","OR482510.1",2219,"-",0,0,"CG","CGC"
"165","OR482510.1",2237,"+",0,4,"CG","CGA"
"166","OR482510.1",2238,"-",0,0,"CG","CGT"
"167","OR482510.1",2341,"+",0,3,"CG","CGA"
"168","OR482510.1",2342,"-",0,0,"CG","CGC"
"169","OR482510.1",2345,"+",0,3,"CG","CGC"
"170","OR482510.1",2346,"-",0,0,"CG","CGG"
"171","OR482510.1",2347,"+",0,3,"CG","CGG"
"172","OR482510.1",2348,"-",0,0,"CG","CGC"
"173","OR482510.1",2368,"+",0,2,"CG","CGT"
"174","OR482510.1",2369,"-",0,0,"CG","CGT"
"175","OR482510.1",2404,"+",0,2,"CG","CGC"
"176","OR482510.1",2405,"-",0,0,"CG","CGG"
"177","OR482510.1",2442,"+",0,0,"CG","CGG"
"178","OR482510.1",2443,"-",0,0,"CG","CGG"
"179","OR482510.1",2451,"+",0,0,"CG","CGA"
"180","OR482510.1",2452,"-",0,0,"CG","CGG"
"181","OR482510.1",2458,"+",0,0,"CG","CGG"
"182","OR482510.1",2459,"-",0,0,"CG","CGT"
"183","OR482510.1",2463,"+",0,0,"CG","CGA"
"184","OR482510.1",2464,"-",0,0,"CG","CGG"
"185","OR482510.1",2485,"+",0,0,"CG","CGC"
"186","OR482510.1",2486,"-",0,0,"CG","CGC"
"187","OR482510.1",2510,"+",0,0,"CG","CGA"
"188","OR482510.1",2511,"-",0,0,"CG","CGA"
"189","OR482510.1",2525,"+",0,0,"CG","CGA"
"190","OR482510.1",2526,"-",0,0,"CG","CGT"
"191","OR482510.1",2531,"+",0,0,"CG","CGA"
"192","OR482510.1",2532,"-",0,0,"CG","CGA"
"193","OR482510.1",2564,"+",0,0,"CG","CGC"
"194","OR482510.1",2565,"-",0,0,"CG","CGG"
"195","OR482510.1",2578,"+",0,0,"CG","CGT"
"196","OR482510.1",2579,"-",0,0,"CG","CGG"
"197","OR482510.1",2589,"+",0,0,"CG","CGG"
"198","OR482510.1",2590,"-",0,0,"CG","CGT"
"199","OR482510.1",2603,"+",0,0,"CG","CGT"
"200","OR482510.1",2604,"-",0,0,"CG","CGT"
"201","OR482510.1",2621,"+",0,0,"CG","CGG"
"202","OR482510.1",2622,"-",0,0,"CG","CGG"
"203","OR482510.1",2669,"+",0,0,"CG","CGA"
"204","OR482510.1",2670,"-",0,0,"CG","CGT"
"205","OR482510.1",2678,"+",0,0,"CG","CGA"
"206","OR482510.1",2679,"-",0,0,"CG","CGG"
"207","OR482510.1",2774,"+",0,0,"CG","CGG"
"208","OR482510.1",2775,"-",0,0,"CG","CGT"
"209","OR482510.1",2797,"+",0,0,"CG","CGG"
"210","OR482510.1",2798,"-",0,0,"CG","CGG"
"211","OR482510.1",2907,"+",0,0,"CG","CGT"
"212","OR482510.1",2908,"-",0,0,"CG","CGG"
"213","OR482510.1",2919,"+",0,0,"CG","CGT"
"214","OR482510.1",2920,"-",0,0,"CG","CGG"
"215","OR482510.1",2922,"+",0,0,"CG","CGC"
"216","OR482510.1",2923,"-",0,0,"CG","CGA"
"217","OR482510.1",2933,"+",0,0,"CG","CGC"
"218","OR482510.1",2934,"-",0,0,"CG","CGT"
"219","OR482510.1",2944,"+",0,0,"CG","CGT"
"220","OR482510.1",2945,"-",0,0,"CG","CGT"
"221","OR482510.1",2971,"+",0,0,"CG","CGA"
"222","OR482510.1",2972,"-",0,0,"CG","CGT"
"223","OR482510.1",3000,"+",0,0,"CG","CGG"
"224","OR482510.1",3001,"-",0,0,"CG","CGT"
"225","OR482510.1",3018,"+",0,0,"CG","CGC"
"226","OR482510.1",3019,"-",0,0,"CG","CGA"
"227","OR482510.1",3021,"+",0,0,"CG","CGA"
"228","OR482510.1",3022,"-",0,0,"CG","CGG"
"229","OR482510.1",3055,"+",0,0,"CG","CGC"
"230","OR482510.1",3056,"-",0,0,"CG","CGA"
"231","OR482510.1",3075,"+",0,0,"CG","CGT"
"232","OR482510.1",3076,"-",0,0,"CG","CGG"
"233","OR482510.1",3090,"+",0,0,"CG","CGC"
"234","OR482510.1",3091,"-",0,0,"CG","CGA"
"235","OR482510.1",3102,"+",0,0,"CG","CGC"
"236","OR482510.1",3103,"-",0,0,"CG","CGA"
"237","OR482510.1",3110,"+",0,0,"CG","CGC"
"238","OR482510.1",3111,"-",0,0,"CG","CGT"
"239","OR482510.1",3146,"+",0,0,"CG","CGT"
"240","OR482510.1",3147,"-",0,0,"CG","CGG"
"241","OR482510.1",3204,"+",0,0,"CG","CGC"
"242","OR482510.1",3205,"-",0,0,"CG","CGA"
"243","OR482510.1",3261,"+",0,0,"CG","CGG"
"244","OR482510.1",3262,"-",0,0,"CG","CGA"
"245","OR482510.1",3271,"+",0,0,"CG","CGG"
"246","OR482510.1",3272,"-",0,0,"CG","CGG"
"247","OR482510.1",3293,"+",0,0,"CG","CGT"
"248","OR482510.1",3294,"-",0,0,"CG","CGA"
"249","OR482510.1",3384,"+",0,0,"CG","CGT"
"250","OR482510.1",3385,"-",0,0,"CG","CGC"
"251","OR482510.1",3417,"+",0,0,"CG","CGC"
"252","OR482510.1",3418,"-",0,0,"CG","CGG"
"253","OR482510.1",3443,"+",0,0,"CG","CGG"
"254","OR482510.1",3444,"-",0,0,"CG","CGC"
"255","OR482510.1",3454,"+",0,0,"CG","CGT"
"256","OR482510.1",3455,"-",0,0,"CG","CGG"
"257","OR482510.1",3480,"+",0,0,"CG","CGA"
"258","OR482510.1",3481,"-",0,0,"CG","CGC"
"259","OR482510.1",3510,"+",0,0,"CG","CGA"
"260","OR482510.1",3511,"-",0,0,"CG","CGA"
"261","OR482510.1",3531,"+",0,0,"CG","CGC"
"262","OR482510.1",3532,"-",0,0,"CG","CGA"
"263","OR482510.1",3549,"+",0,0,"CG","CGA"
"264","OR482510.1",3550,"-",0,0,"CG","CGG"
"265","OR482510.1",3585,"+",0,0,"CG","CGC"
"266","OR482510.1",3586,"-",0,0,"CG","CGG"
"267","OR482510.1",3636,"+",0,0,"CG","CGC"
"268","OR482510.1",3637,"-",0,0,"CG","CGG"
"269","OR482510.1",3638,"+",0,0,"CG","CGG"
"270","OR482510.1",3639,"-",0,0,"CG","CGC"
"271","OR482510.1",3659,"+",0,0,"CG","CGG"
"272","OR482510.1",3660,"-",0,0,"CG","CGC"
"273","OR482510.1",3691,"+",0,0,"CG","CGA"
"274","OR482510.1",3692,"-",0,0,"CG","CGA"
"275","OR482510.1",3706,"+",0,0,"CG","CGA"
"276","OR482510.1",3707,"-",0,0,"CG","CGT"
"277","OR482510.1",3712,"+",0,0,"CG","CGA"
"278","OR482510.1",3713,"-",0,0,"CG","CGG"
"279","OR482510.1",3717,"+",0,0,"CG","CGA"
"280","OR482510.1",3718,"-",0,0,"CG","CGT"
"281","OR482510.1",3838,"+",0,0,"CG","CGT"
"282","OR482510.1",3839,"-",0,0,"CG","CGG"
"283","OR482510.1",3896,"+",0,0,"CG","CGC"
"284","OR482510.1",3897,"-",0,0,"CG","CGG"
"285","OR482510.1",3918,"+",0,0,"CG","CGA"
"286","OR482510.1",3919,"-",0,0,"CG","CGA"
"287","OR482510.1",3925,"+",0,0,"CG","CGC"
"288","OR482510.1",3926,"-",0,0,"CG","CGG"
"289","OR482510.1",4017,"+",0,0,"CG","CGA"
"290","OR482510.1",4018,"-",0,0,"CG","CGT"
"291","OR482510.1",4063,"+",0,0,"CG","CGC"
"292","OR482510.1",4064,"-",0,0,"CG","CGG"
"293","OR482510.1",4105,"+",0,0,"CG","CGC"
"294","OR482510.1",4106,"-",0,0,"CG","CGA"
"295","OR482510.1",4126,"+",0,0,"CG","CGC"
"296","OR482510.1",4127,"-",0,0,"CG","CGA"
"297","OR482510.1",4193,"+",0,0,"CG","CGA"
"298","OR482510.1",4194,"-",0,0,"CG","CGG"
"299","OR482510.1",4237,"+",0,0,"CG","CGG"
"300","OR482510.1",4238,"-",0,0,"CG","CGG"
"301","OR482510.1",4333,"+",0,0,"CG","CGT"
"302","OR482510.1",4334,"-",0,0,"CG","CGA"
"303","OR482510.1",4348,"+",0,0,"CG","CGC"
"304","OR482510.1",4349,"-",0,0,"CG","CGA"
"305","OR482510.1",4380,"+",0,0,"CG","CGT"
"306","OR482510.1",4381,"-",0,0,"CG","CGA"
"307","OR482510.1",4510,"+",0,0,"CG","CGG"
"308","OR482510.1",4511,"-",0,0,"CG","CGA"
"309","OR482510.1",4565,"+",0,0,"CG","CGA"
"310","OR482510.1",4566,"-",0,0,"CG","CGA"
"311","OR482510.1",4591,"+",0,0,"CG","CGC"
"312","OR482510.1",4592,"-",0,0,"CG","CGA"
"313","OR482510.1",4600,"+",0,0,"CG","CGG"
"314","OR482510.1",4601,"-",0,0,"CG","CGA"
"315","OR482510.1",4674,"+",0,0,"CG","CGT"
"316","OR482510.1",4675,"-",0,0,"CG","CGT"
"317","OR482510.1",4737,"+",0,0,"CG","CGT"
"318","OR482510.1",4738,"-",0,0,"CG","CGA"
"319","OR482510.1",4762,"+",0,0,"CG","CGC"
"320","OR482510.1",4763,"-",0,0,"CG","CGG"
"321","OR482510.1",4873,"+",0,0,"CG","CGC"
"322","OR482510.1",4874,"-",0,0,"CG","CGG"
"323","OR482510.1",4884,"+",0,0,"CG","CGG"
"324","OR482510.1",4885,"-",0,0,"CG","CGC"
"325","OR482510.1",4894,"+",0,0,"CG","CGC"
"326","OR482510.1",4895,"-",0,0,"CG","CGG"
"327","OR482510.1",4922,"+",0,0,"CG","CGA"
"328","OR482510.1",4923,"-",0,0,"CG","CGT"
"329","OR482510.1",4933,"+",0,0,"CG","CGC"
"330","OR482510.1",4934,"-",0,0,"CG","CGT"
"331","OR482510.1",4935,"+",0,0,"CG","CGA"
"332","OR482510.1",4936,"-",0,0,"CG","CGC"
"333","OR482510.1",4969,"+",0,0,"CG","CGC"
"334","OR482510.1",4970,"-",0,0,"CG","CGG"
"335","OR482510.1",4985,"+",0,0,"CG","CGC"
"336","OR482510.1",4986,"-",0,0,"CG","CGT"
"337","OR482510.1",5037,"+",0,0,"CG","CGC"
"338","OR482510.1",5038,"-",0,0,"CG","CGT"
"339","OR482510.1",5062,"+",0,0,"CG","CGC"
"340","OR482510.1",5063,"-",0,0,"CG","CGG"
"341","OR482510.1",5065,"+",0,0,"CG","CGC"
"342","OR482510.1",5066,"-",0,0,"CG","CGG"
"343","OR482510.1",5170,"+",0,0,"CG","CGG"
"344","OR482510.1",5171,"-",0,0,"CG","CGC"
"345","OR482510.1",5247,"+",0,0,"CG","CGA"
"346","OR482510.1",5248,"-",0,0,"CG","CGA"
"347","OR482510.1",5278,"+",0,0,"CG","CGC"
"348","OR482510.1",5279,"-",0,0,"CG","CGC"
"349","OR482510.1",5290,"+",0,0,"CG","CGA"
"350","OR482510.1",5291,"-",0,0,"CG","CGC"
"351","OR482510.1",5313,"+",0,0,"CG","CGC"
"352","OR482510.1",5314,"-",0,0,"CG","CGG"
"353","OR482510.1",5324,"+",0,0,"CG","CGG"
"354","OR482510.1",5325,"-",0,0,"CG","CGC"
"355","OR482510.1",5328,"+",0,0,"CG","CGG"
"356","OR482510.1",5329,"-",0,0,"CG","CGC"
"357","OR482510.1",5334,"+",0,0,"CG","CGG"
"358","OR482510.1",5335,"-",0,0,"CG","CGC"
"359","OR482510.1",5347,"+",0,0,"CG","CGG"
"360","OR482510.1",5348,"-",0,0,"CG","CGG"
"361","OR482510.1",5354,"+",0,0,"CG","CGA"
"362","OR482510.1",5355,"-",0,0,"CG","CGT"
"363","OR482510.1",5456,"+",0,0,"CG","CGC"
"364","OR482510.1",5457,"-",0,0,"CG","CGA"
"365","OR482510.1",5494,"+",0,0,"CG","CGT"
"366","OR482510.1",5495,"-",0,0,"CG","CGT"
"367","OR482510.1",5526,"+",0,0,"CG","CGG"
"368","OR482510.1",5527,"-",0,0,"CG","CGA"
"369","OR482510.1",5559,"+",0,0,"CG","CGG"
"370","OR482510.1",5560,"-",0,0,"CG","CGG"
"371","OR482510.1",5593,"+",0,0,"CG","CGA"
"372","OR482510.1",5594,"-",0,0,"CG","CGA"
"373","OR482510.1",5612,"+",0,0,"CG","CGG"
"374","OR482510.1",5613,"-",0,0,"CG","CGG"
"375","OR482510.1",5616,"+",0,0,"CG","CGC"
"376","OR482510.1",5617,"-",0,0,"CG","CGC"
"377","OR482510.1",5631,"+",0,0,"CG","CGA"
"378","OR482510.1",5632,"-",0,0,"CG","CGT"
"379","OR482510.1",5652,"+",0,0,"CG","CGT"
"380","OR482510.1",5653,"-",0,0,"CG","CGA"
"381","OR482510.1",5670,"+",0,0,"CG","CGT"
"382","OR482510.1",5671,"-",0,0,"CG","CGA"
"383","OR482510.1",5767,"+",0,0,"CG","CGT"
"384","OR482510.1",5768,"-",0,0,"CG","CGA"
"385","OR482510.1",5840,"+",0,0,"CG","CGG"
"386","OR482510.1",5841,"-",0,0,"CG","CGC"
"387","OR482510.1",5847,"+",0,0,"CG","CGG"
"388","OR482510.1",5848,"-",0,0,"CG","CGG"
"389","OR482510.1",5853,"+",0,0,"CG","CGG"
"390","OR482510.1",5854,"-",0,0,"CG","CGG"
"391","OR482510.1",5870,"+",0,0,"CG","CGC"
"392","OR482510.1",5871,"-",0,0,"CG","CGG"
"393","OR482510.1",5895,"+",0,0,"CG","CGC"
"394","OR482510.1",5896,"-",0,0,"CG","CGT"
"395","OR482510.1",5910,"+",0,0,"CG","CGA"
"396","OR482510.1",5911,"-",0,0,"CG","CGA"
"397","OR482510.1",5958,"+",0,0,"CG","CGG"
"398","OR482510.1",5959,"-",0,0,"CG","CGA"
"399","OR482510.1",6042,"+",0,0,"CG","CGT"
"400","OR482510.1",6043,"-",0,0,"CG","CGG"
"401","OR482510.1",6054,"+",0,0,"CG","CGC"
"402","OR482510.1",6055,"-",0,0,"CG","CGG"
"403","OR482510.1",6093,"+",0,0,"CG","CGG"
"404","OR482510.1",6094,"-",0,0,"CG","CGG"
"405","OR482510.1",6114,"+",0,0,"CG","CGA"
"406","OR482510.1",6115,"-",0,0,"CG","CGG"
"407","OR482510.1",6118,"+",0,0,"CG","CGA"
"408","OR482510.1",6119,"-",0,0,"CG","CGG"
"409","OR482510.1",6146,"+",0,0,"CG","CGG"
"410","OR482510.1",6147,"-",0,0,"CG","CGG"
"411","OR482510.1",6203,"+",0,0,"CG","CGG"
"412","OR482510.1",6204,"-",0,0,"CG","CGG"
"413","OR482510.1",6252,"+",0,0,"CG","CGT"
"414","OR482510.1",6253,"-",0,0,"CG","CGA"
"415","OR482510.1",6255,"+",0,0,"CG","CGC"
"416","OR482510.1",6256,"-",0,0,"CG","CGA"
"417","OR482510.1",6375,"+",0,0,"CG","CGT"
"418","OR482510.1",6376,"-",0,0,"CG","CGT"
"419","OR482510.1",6383,"+",0,0,"CG","CGC"
"420","OR482510.1",6384,"-",0,0,"CG","CGT"
"421","OR482510.1",6385,"+",0,0,"CG","CGT"
"422","OR482510.1",6386,"-",0,0,"CG","CGC"
"423","OR482510.1",6417,"+",0,0,"CG","CGC"
"424","OR482510.1",6418,"-",0,0,"CG","CGA"
"425","OR482510.1",6429,"+",0,0,"CG","CGG"
"426","OR482510.1",6430,"-",0,0,"CG","CGG"
"427","OR482510.1",6585,"+",0,0,"CG","CGA"
"428","OR482510.1",6586,"-",0,0,"CG","CGT"
"429","OR482510.1",6618,"+",0,0,"CG","CGT"
"430","OR482510.1",6619,"-",0,0,"CG","CGT"
"431","OR482510.1",6636,"+",0,0,"CG","CGT"
"432","OR482510.1",6637,"-",0,0,"CG","CGG"
"433","OR482510.1",6651,"+",0,0,"CG","CGC"
"434","OR482510.1",6652,"-",0,0,"CG","CGA"
"435","OR482510.1",6654,"+",0,0,"CG","CGC"
"436","OR482510.1",6655,"-",0,0,"CG","CGG"
"437","OR482510.1",6660,"+",0,0,"CG","CGT"
"438","OR482510.1",6661,"-",0,0,"CG","CGA"
"439","OR482510.1",6674,"+",0,0,"CG","CGC"
"440","OR482510.1",6675,"-",0,0,"CG","CGG"
"441","OR482510.1",6692,"+",0,0,"CG","CGC"
"442","OR482510.1",6693,"-",0,0,"CG","CGT"
"443","OR482510.1",6723,"+",0,0,"CG","CGG"
"444","OR482510.1",6724,"-",0,0,"CG","CGA"
"445","OR482510.1",6774,"+",0,0,"CG","CGG"
"446","OR482510.1",6775,"-",0,0,"CG","CGA"
"447","OR482510.1",6783,"+",0,0,"CG","CGG"
"448","OR482510.1",6784,"-",0,0,"CG","CGG"
"449","OR482510.1",6793,"+",0,0,"CG","CGA"
"450","OR482510.1",6794,"-",0,0,"CG","CGG"
"451","OR482510.1",6796,"+",0,0,"CG","CGA"
"452","OR482510.1",6797,"-",0,0,"CG","CGT"
"453","OR482510.1",6804,"+",0,0,"CG","CGA"
"454","OR482510.1",6805,"-",0,0,"CG","CGG"
"455","OR482510.1",6816,"+",0,0,"CG","CGC"
"456","OR482510.1",6817,"-",0,0,"CG","CGT"
"457","OR482510.1",6849,"+",0,0,"CG","CGG"
"458","OR482510.1",6850,"-",0,0,"CG","CGA"
"459","OR482510.1",6909,"+",0,0,"CG","CGC"
"460","OR482510.1",6910,"-",0,0,"CG","CGA"
"461","OR482510.1",6912,"+",0,0,"CG","CGC"
"462","OR482510.1",6913,"-",0,0,"CG","CGG"
"463","OR482510.1",6919,"+",0,0,"CG","CGT"
"464","OR482510.1",6920,"-",0,0,"CG","CGT"
"465","OR482510.1",6996,"+",0,0,"CG","CGA"
"466","OR482510.1",6997,"-",0,0,"CG","CGA"
"467","OR482510.1",7033,"+",0,0,"CG","CGA"
"468","OR482510.1",7034,"-",0,0,"CG","CGT"
"469","OR482510.1",7049,"+",0,0,"CG","CGA"
"470","OR482510.1",7050,"-",0,0,"CG","CGA"
"471","OR482510.1",7064,"+",0,0,"CG","CGG"
"472","OR482510.1",7065,"-",0,0,"CG","CGA"
"473","OR482510.1",7075,"+",0,0,"CG","CGA"
"474","OR482510.1",7076,"-",0,0,"CG","CGG"
"475","OR482510.1",7087,"+",0,0,"CG","CGC"
"476","OR482510.1",7088,"-",0,0,"CG","CGG"
"477","OR482510.1",7135,"+",0,0,"CG","CGC"
"478","OR482510.1",7136,"-",0,0,"CG","CGG"
"479","OR482510.1",7148,"+",0,0,"CG","CGG"
"480","OR482510.1",7149,"-",0,0,"CG","CGC"
"481","OR482510.1",7169,"+",0,0,"CG","CGC"
"482","OR482510.1",7170,"-",0,0,"CG","CGG"
"483","OR482510.1",7171,"+",0,0,"CG","CGT"
"484","OR482510.1",7172,"-",0,0,"CG","CGC"
"485","OR482510.1",7197,"+",0,0,"CG","CGT"
"486","OR482510.1",7198,"-",0,0,"CG","CGG"
"487","OR482510.1",7258,"+",0,0,"CG","CGA"
"488","OR482510.1",7259,"-",0,0,"CG","CGT"
"489","OR482510.1",7276,"+",0,0,"CG","CGT"
"490","OR482510.1",7277,"-",0,0,"CG","CGA"
"491","OR482510.1",7338,"+",0,0,"CG","CGA"
"492","OR482510.1",7339,"-",0,0,"CG","CGT"
"493","OR482510.1",7416,"+",0,0,"CG","CGC"
"494","OR482510.1",7417,"-",0,0,"CG","CGC"
"495","OR482510.1",7430,"+",0,0,"CG","CGC"
"496","OR482510.1",7431,"-",0,0,"CG","CGA"
"497","OR482510.1",7483,"+",0,0,"CG","CGT"
"498","OR482510.1",7484,"-",0,0,"CG","CGG"
"499","OR482510.1",7525,"+",0,0,"CG","CGA"
"500","OR482510.1",7526,"-",0,0,"CG","CGT"
"501","OR482510.1",7586,"+",0,0,"CG","CGC"
"502","OR482510.1",7587,"-",0,0,"CG","CGG"
"503","OR482510.1",7600,"+",0,0,"CG","CGA"
"504","OR482510.1",7601,"-",0,0,"CG","CGG"
"505","OR482510.1",7607,"+",0,0,"CG","CGC"
"506","OR482510.1",7608,"-",0,0,"CG","CGA"
"507","OR482510.1",7637,"+",0,0,"CG","CGA"
"508","OR482510.1",7638,"-",0,0,"CG","CGG"
"509","OR482510.1",7657,"+",0,0,"CG","CGA"
"510","OR482510.1",7658,"-",0,0,"CG","CGT"
"511","OR482510.1",7671,"+",0,0,"CG","CGT"
"512","OR482510.1",7672,"-",0,0,"CG","CGA"
"513","OR482510.1",7705,"+",0,0,"CG","CGC"
"514","OR482510.1",7706,"-",0,0,"CG","CGT"
"515","OR482510.1",7718,"+",0,0,"CG","CGC"
"516","OR482510.1",7719,"-",0,0,"CG","CGG"
"517","OR482510.1",7741,"+",0,0,"CG","CGC"
"518","OR482510.1",7742,"-",0,0,"CG","CGA"
"519","OR482510.1",7748,"+",0,0,"CG","CGA"
"520","OR482510.1",7749,"-",0,0,"CG","CGG"
"521","OR482510.1",7756,"+",0,0,"CG","CGT"
"522","OR482510.1",7757,"-",0,0,"CG","CGC"
"523","OR482510.1",7765,"+",0,0,"CG","CGG"
"524","OR482510.1",7766,"-",0,0,"CG","CGT"
"525","OR482510.1",7786,"+",0,0,"CG","CGG"
"526","OR482510.1",7787,"-",0,0,"CG","CGC"
"527","OR482510.1",7859,"+",0,0,"CG","CGA"
"528","OR482510.1",7860,"-",0,0,"CG","CGA"
"529","OR482510.1",7873,"+",0,0,"CG","CGC"
"530","OR482510.1",7874,"-",0,0,"CG","CGT"
"531","OR482510.1",7878,"+",0,0,"CG","CGC"
"532","OR482510.1",7879,"-",0,0,"CG","CGA"
"533","OR482510.1",7903,"+",0,0,"CG","CGT"
"534","OR482510.1",7904,"-",0,0,"CG","CGC"
"535","OR482510.1",7949,"+",0,0,"CG","CGA"
"536","OR482510.1",7950,"-",0,0,"CG","CGT"
"537","OR482510.1",7970,"+",0,0,"CG","CGC"
"538","OR482510.1",7971,"-",0,0,"CG","CGG"
"539","OR482510.1",7999,"+",0,0,"CG","CGT"
"540","OR482510.1",8000,"-",0,0,"CG","CGA"
"541","OR482510.1",8018,"+",0,0,"CG","CGT"
"542","OR482510.1",8019,"-",0,0,"CG","CGG"
"543","OR482510.1",8027,"+",0,0,"CG","CGC"
"544","OR482510.1",8028,"-",0,0,"CG","CGG"
"545","OR482510.1",8075,"+",0,0,"CG","CGC"
"546","OR482510.1",8076,"-",0,0,"CG","CGC"
"547","OR482510.1",8219,"+",0,0,"CG","CGA"
"548","OR482510.1",8220,"-",0,0,"CG","CGA"
"549","OR482510.1",8234,"+",0,0,"CG","CGA"
"550","OR482510.1",8235,"-",0,0,"CG","CGG"
"551","OR482510.1",8242,"+",0,0,"CG","CGC"
"552","OR482510.1",8243,"-",0,0,"CG","CGA"
"553","OR482510.1",8267,"+",0,0,"CG","CGT"
"554","OR482510.1",8268,"-",0,0,"CG","CGG"
"555","OR482510.1",8425,"+",0,0,"CG","CGC"
"556","OR482510.1",8426,"-",0,0,"CG","CGA"
"557","OR482510.1",8427,"+",0,0,"CG","CGG"
"558","OR482510.1",8428,"-",0,0,"CG","CGC"
"559","OR482510.1",8465,"+",0,0,"CG","CGA"
"560","OR482510.1",8466,"-",0,0,"CG","CGC"
"561","OR482510.1",8515,"+",0,0,"CG","CGG"
"562","OR482510.1",8516,"-",0,0,"CG","CGG"
"563","OR482510.1",8530,"+",0,0,"CG","CGT"
"564","OR482510.1",8531,"-",0,0,"CG","CGG"
"565","OR482510.1",8539,"+",0,0,"CG","CGT"
"566","OR482510.1",8540,"-",0,0,"CG","CGA"
"567","OR482510.1",8545,"+",0,0,"CG","CGA"
"568","OR482510.1",8546,"-",0,0,"CG","CGA"
"569","OR482510.1",8567,"+",0,0,"CG","CGC"
"570","OR482510.1",8568,"-",0,0,"CG","CGG"
"571","OR482510.1",8588,"+",0,0,"CG","CGA"
"572","OR482510.1",8589,"-",0,0,"CG","CGT"
"573","OR482510.1",8650,"+",0,0,"CG","CGT"
"574","OR482510.1",8651,"-",0,0,"CG","CGA"
"575","OR482510.1",8674,"+",0,0,"CG","CGT"
"576","OR482510.1",8675,"-",0,0,"CG","CGG"
"577","OR482510.1",8749,"+",0,0,"CG","CGT"
"578","OR482510.1",8750,"-",0,0,"CG","CGT"
"579","OR482510.1",8755,"+",0,0,"CG","CGT"
"580","OR482510.1",8756,"-",0,0,"CG","CGA"
"581","OR482510.1",8788,"+",0,0,"CG","CGT"
"582","OR482510.1",8789,"-",0,0,"CG","CGT"
"583","OR482510.1",8888,"+",0,0,"CG","CGA"
"584","OR482510.1",8889,"-",0,0,"CG","CGC"
"585","OR482510.1",8905,"+",0,0,"CG","CGC"
"586","OR482510.1",8906,"-",0,0,"CG","CGA"
"587","OR482510.1",8968,"+",0,0,"CG","CGA"
"588","OR482510.1",8969,"-",0,0,"CG","CGT"
"589","OR482510.1",8976,"+",0,0,"CG","CGT"
"590","OR482510.1",8977,"-",0,0,"CG","CGA"
"591","OR482510.1",8980,"+",0,0,"CG","CGA"
"592","OR482510.1",8981,"-",0,0,"CG","CGT"
"593","OR482510.1",9008,"+",0,0,"CG","CGC"
"594","OR482510.1",9009,"-",0,0,"CG","CGT"
"595","OR482510.1",9015,"+",0,0,"CG","CGT"
"596","OR482510.1",9016,"-",0,0,"CG","CGG"
"597","OR482510.1",9031,"+",0,0,"CG","CGA"
"598","OR482510.1",9032,"-",0,0,"CG","CGA"
"599","OR482510.1",9036,"+",0,0,"CG","CGG"
"600","OR482510.1",9037,"-",0,0,"CG","CGT"
"601","OR482510.1",9060,"+",0,0,"CG","CGA"
"602","OR482510.1",9061,"-",0,0,"CG","CGG"
"603","OR482510.1",9102,"+",0,0,"CG","CGC"
"604","OR482510.1",9103,"-",0,0,"CG","CGT"
"605","OR482510.1",9111,"+",0,0,"CG","CGC"
"606","OR482510.1",9112,"-",0,0,"CG","CGA"
"607","OR482510.1",9149,"+",0,0,"CG","CGG"
"608","OR482510.1",9150,"-",0,0,"CG","CGT"
"609","OR482510.1",9213,"+",0,0,"CG","CGG"
"610","OR482510.1",9214,"-",0,0,"CG","CGG"
"611","OR482510.1",9221,"+",0,0,"CG","CGG"
"612","OR482510.1",9222,"-",0,0,"CG","CGT"
"613","OR482510.1",9259,"+",0,0,"CG","CGA"
"614","OR482510.1",9260,"-",0,0,"CG","CGT"
"615","OR482510.1",9278,"+",0,0,"CG","CGC"
"616","OR482510.1",9279,"-",0,0,"CG","CGA"
"617","OR482510.1",9366,"+",0,0,"CG","CGT"
"618","OR482510.1",9367,"-",0,0,"CG","CGC"
"619","OR482510.1",9372,"+",0,0,"CG","CGG"
"620","OR482510.1",9373,"-",0,0,"CG","CGT"
"621","OR482510.1",9387,"+",0,0,"CG","CGT"
"622","OR482510.1",9388,"-",0,0,"CG","CGA"
"623","OR482510.1",9405,"+",0,0,"CG","CGG"
"624","OR482510.1",9406,"-",0,0,"CG","CGT"
"625","OR482510.1",9414,"+",0,0,"CG","CGT"
"626","OR482510.1",9415,"-",0,0,"CG","CGT"
"627","OR482510.1",9454,"+",0,0,"CG","CGA"
"628","OR482510.1",9455,"-",0,0,"CG","CGT"
"629","OR482510.1",9480,"+",0,0,"CG","CGA"
"630","OR482510.1",9481,"-",0,0,"CG","CGG"
"631","OR482510.1",9492,"+",0,0,"CG","CGG"
"632","OR482510.1",9493,"-",0,0,"CG","CGA"
"633","OR482510.1",9498,"+",0,0,"CG","CGA"
"634","OR482510.1",9499,"-",0,0,"CG","CGA"
"635","OR482510.1",9525,"+",0,0,"CG","CGT"
"636","OR482510.1",9526,"-",0,0,"CG","CGA"
"637","OR482510.1",9531,"+",0,0,"CG","CGT"
"638","OR482510.1",9532,"-",0,0,"CG","CGT"
"639","OR482510.1",9622,"+",0,0,"CG","CGG"
"640","OR482510.1",9623,"-",0,0,"CG","CGG"
"641","OR482510.1",9656,"+",0,0,"CG","CGT"
"642","OR482510.1",9657,"-",0,0,"CG","CGT"
"643","OR482510.1",9695,"+",0,0,"CG","CGT"
"644","OR482510.1",9696,"-",0,0,"CG","CGG"
"645","OR482510.1",9746,"+",0,0,"CG","CGA"
"646","OR482510.1",9747,"-",0,0,"CG","CGT"
"647","OR482510.1",9776,"+",0,0,"CG","CGA"
"648","OR482510.1",9777,"-",0,0,"CG","CGA"
"649","OR482510.1",9795,"+",0,0,"CG","CGC"
"650","OR482510.1",9796,"-",0,0,"CG","CGG"
"651","OR482510.1",9813,"+",0,0,"CG","CGC"
"652","OR482510.1",9814,"-",0,0,"CG","CGG"
"653","OR482510.1",9827,"+",0,0,"CG","CGC"
"654","OR482510.1",9828,"-",0,0,"CG","CGA"
"655","OR482510.1",9848,"+",0,0,"CG","CGA"
"656","OR482510.1",9849,"-",0,0,"CG","CGA"
"657","OR482510.1",9874,"+",0,0,"CG","CGC"
"658","OR482510.1",9875,"-",0,0,"CG","CGG"
"659","OR482510.1",9926,"+",0,0,"CG","CGT"
"660","OR482510.1",9927,"-",0,0,"CG","CGG"
"661","OR482510.1",9929,"+",0,0,"CG","CGC"
"662","OR482510.1",9930,"-",0,0,"CG","CGA"
"663","OR482510.1",9932,"+",0,0,"CG","CGT"
"664","OR482510.1",9933,"-",0,0,"CG","CGG"
"665","OR482510.1",9965,"+",0,0,"CG","CGA"
"666","OR482510.1",9966,"-",0,0,"CG","CGT"
"667","OR482510.1",9995,"+",0,0,"CG","CGA"
"668","OR482510.1",9996,"-",0,0,"CG","CGG"
"669","OR482510.1",10031,"+",0,0,"CG","CGG"
"670","OR482510.1",10032,"-",0,0,"CG","CGA"
"671","OR482510.1",10077,"+",0,0,"CG","CGC"
"672","OR482510.1",10078,"-",0,0,"CG","CGG"
"673","OR482510.1",10086,"+",0,0,"CG","CGC"
"674","OR482510.1",10087,"-",0,0,"CG","CGA"
"675","OR482510.1",10097,"+",0,0,"CG","CGG"
"676","OR482510.1",10098,"-",0,0,"CG","CGA"
"677","OR482510.1",10135,"+",0,0,"CG","CGA"
"678","OR482510.1",10136,"-",0,0,"CG","CGA"
"679","OR482510.1",10152,"+",0,0,"CG","CGC"
"680","OR482510.1",10153,"-",0,0,"CG","CGG"
"681","OR482510.1",10202,"+",0,0,"CG","CGA"
"682","OR482510.1",10203,"-",0,0,"CG","CGA"
"683","OR482510.1",10241,"+",0,0,"CG","CGG"
"684","OR482510.1",10242,"-",0,0,"CG","CGC"
"685","OR482510.1",10284,"+",0,0,"CG","CGC"
"686","OR482510.1",10285,"-",0,0,"CG","CGC"
"687","OR482510.1",10315,"+",0,0,"CG","CGC"
"688","OR482510.1",10316,"-",0,0,"CG","CGA"
"689","OR482510.1",10333,"+",0,0,"CG","CGC"
"690","OR482510.1",10334,"-",0,0,"CG","CGA"
"691","OR482510.1",10496,"+",0,0,"CG","CGA"
"692","OR482510.1",10497,"-",0,0,"CG","CGG"
"693","OR482510.1",10519,"+",0,0,"CG","CGC"
"694","OR482510.1",10520,"-",0,0,"CG","CGT"
"695","OR482510.1",10546,"+",0,0,"CG","CGA"
"696","OR482510.1",10547,"-",0,0,"CG","CGA"
"697","OR482510.1",10619,"+",0,1,"CG","CGA"
"698","OR482510.1",10620,"-",0,0,"CG","CGA"
"699","OR482510.1",10632,"+",0,1,"CG","CGC"
"700","OR482510.1",10633,"-",0,0,"CG","CGG"
"701","OR482510.1",10638,"+",0,1,"CG","CGG"
"702","OR482510.1",10639,"-",0,0,"CG","CGT"
"703","OR482510.1",10691,"+",0,1,"CG","CGG"
"704","OR482510.1",10692,"-",0,0,"CG","CGA"
"705","OR482510.1",10764,"+",0,1,"CG","CGG"
"706","OR482510.1",10765,"-",0,0,"CG","CGA"
"707","OR482510.1",10785,"+",0,1,"CG","CGC"
"708","OR482510.1",10786,"-",0,0,"CG","CGT"
"709","OR482510.1",11044,"+",0,3,"CG","CGA"
"710","OR482510.1",11045,"-",0,0,"CG","CGA"
"711","OR482510.1",11084,"+",0,2,"CG","CGG"
"712","OR482510.1",11085,"-",0,0,"CG","CGT"
"713","OR482510.1",11094,"+",0,2,"CG","CGA"
"714","OR482510.1",11095,"-",0,0,"CG","CGG"
"715","OR482510.1",11153,"+",0,2,"CG","CGC"
"716","OR482510.1",11154,"-",0,0,"CG","CGA"
"717","OR482510.1",11185,"+",0,1,"CG","CGT"
"718","OR482510.1",11186,"-",0,0,"CG","CGT"
"719","OR482510.1",11193,"+",0,1,"CG","CGC"
"720","OR482510.1",11194,"-",0,0,"CG","CGA"
"721","OR482510.1",11219,"+",0,0,"CG","CGC"
"722","OR482510.1",11220,"-",0,0,"CG","CGA"
"723","OR482510.1",11231,"+",0,0,"CG","CGT"
"724","OR482510.1",11232,"-",0,0,"CG","CGG"
"725","OR482510.1",11252,"+",0,0,"CG","CGT"
"726","OR482510.1",11253,"-",0,0,"CG","CGA"
"727","OR482510.1",11291,"+",0,0,"CG","CGG"
"728","OR482510.1",11292,"-",0,0,"CG","CGG"
"729","OR482510.1",11297,"+",0,0,"CG","CGT"
"730","OR482510.1",11298,"-",0,0,"CG","CGG"
"731","OR482510.1",11318,"+",0,0,"CG","CGG"
"732","OR482510.1",11319,"-",0,0,"CG","CGT"
"733","OR482510.1",11326,"+",0,0,"CG","CGT"
"734","OR482510.1",11327,"-",0,0,"CG","CGT"
"735","OR482510.1",11332,"+",0,0,"CG","CGG"
"736","OR482510.1",11333,"-",0,0,"CG","CGA"
"737","OR482510.1",11367,"+",0,0,"CG","CGC"
"738","OR482510.1",11368,"-",0,0,"CG","CGT"
"739","OR482510.1",11379,"+",0,0,"CG","CGG"
"740","OR482510.1",11380,"-",0,0,"CG","CGG"
"741","OR482510.1",11397,"+",0,0,"CG","CGA"
"742","OR482510.1",11398,"-",0,0,"CG","CGG"
"743","OR482510.1",11453,"+",0,0,"CG","CGC"
"744","OR482510.1",11454,"-",0,0,"CG","CGA"
"745","OR482510.1",11570,"+",0,0,"CG","CGC"
"746","OR482510.1",11571,"-",0,0,"CG","CGG"
"747","OR482510.1",11572,"+",0,0,"CG","CGA"
"748","OR482510.1",11573,"-",0,0,"CG","CGC"
"749","OR482510.1",11607,"+",0,0,"CG","CGG"
"750","OR482510.1",11608,"-",0,0,"CG","CGT"
"751","OR482510.1",11655,"+",0,0,"CG","CGG"
"752","OR482510.1",11656,"-",0,0,"CG","CGG"
"753","OR482510.1",11714,"+",0,0,"CG","CGA"
"754","OR482510.1",11715,"-",0,0,"CG","CGG"
"755","OR482510.1",11808,"+",0,0,"CG","CGA"
"756","OR482510.1",11809,"-",0,0,"CG","CGG"
"757","OR482510.1",11819,"+",0,0,"CG","CGC"
"758","OR482510.1",11820,"-",0,0,"CG","CGA"
"759","OR482510.1",11828,"+",0,0,"CG","CGA"
"760","OR482510.1",11829,"-",0,0,"CG","CGT"
"761","OR482510.1",11845,"+",0,0,"CG","CGT"
"762","OR482510.1",11846,"-",0,0,"CG","CGG"
"763","OR482510.1",11875,"+",0,0,"CG","CGG"
"764","OR482510.1",11876,"-",0,0,"CG","CGA"
"765","OR482510.1",12041,"+",0,0,"CG","CGC"
"766","OR482510.1",12042,"-",0,0,"CG","CGA"
"767","OR482510.1",12047,"+",0,0,"CG","CGA"
"768","OR482510.1",12048,"-",0,0,"CG","CGG"
"769","OR482510.1",12055,"+",0,0,"CG","CGA"
"770","OR482510.1",12056,"-",0,0,"CG","CGG"
"771","OR482510.1",12064,"+",0,0,"CG","CGT"
"772","OR482510.1",12065,"-",0,0,"CG","CGG"
"773","OR482510.1",12084,"+",0,0,"CG","CGG"
"774","OR482510.1",12085,"-",0,0,"CG","CGC"
"775","OR482510.1",12088,"+",0,0,"CG","CGC"
"776","OR482510.1",12089,"-",0,0,"CG","CGA"
"777","OR482510.1",12103,"+",0,0,"CG","CGT"
"778","OR482510.1",12104,"-",0,0,"CG","CGA"
"779","OR482510.1",12136,"+",0,0,"CG","CGA"
"780","OR482510.1",12137,"-",0,0,"CG","CGT"
"781","OR482510.1",12142,"+",0,0,"CG","CGC"
"782","OR482510.1",12143,"-",0,0,"CG","CGC"
"783","OR482510.1",12150,"+",0,0,"CG","CGA"
"784","OR482510.1",12151,"-",0,0,"CG","CGC"
"785","OR482510.1",12190,"+",0,0,"CG","CGA"
"786","OR482510.1",12191,"-",0,0,"CG","CGA"
"787","OR482510.1",12193,"+",0,0,"CG","CGT"
"788","OR482510.1",12194,"-",0,0,"CG","CGT"
"789","OR482510.1",12225,"+",0,0,"CG","CGG"
"790","OR482510.1",12226,"-",0,0,"CG","CGA"
"791","OR482510.1",12253,"+",0,0,"CG","CGT"
"792","OR482510.1",12254,"-",0,0,"CG","CGT"
"793","OR482510.1",12295,"+",0,0,"CG","CGC"
"794","OR482510.1",12296,"-",0,0,"CG","CGT"
"795","OR482510.1",12303,"+",0,0,"CG","CGT"
"796","OR482510.1",12304,"-",0,0,"CG","CGG"
"797","OR482510.1",12314,"+",0,1,"CG","CGA"
"798","OR482510.1",12315,"-",0,0,"CG","CGG"
"799","OR482510.1",12445,"+",0,6,"CG","CGG"
"800","OR482510.1",12446,"-",0,0,"CG","CGT"
"801","OR482510.1",12449,"+",0,6,"CG","CGA"
"802","OR482510.1",12450,"-",0,0,"CG","CGT"
"803","OR482510.1",12453,"+",0,6,"CG","CGG"
"804","OR482510.1",12454,"-",0,0,"CG","CGC"
"805","OR482510.1",12468,"+",3,3,"CG","CGG"
"806","OR482510.1",12469,"-",0,0,"CG","CGC"
"807","OR482510.1",12481,"+",3,2,"CG","CGT"
"808","OR482510.1",12482,"-",0,0,"CG","CGG"
"809","OR482510.1",12494,"+",0,4,"CG","CGG"
"810","OR482510.1",12495,"-",0,0,"CG","CGA"
"811","OR482510.1",12499,"+",0,4,"CG","CGG"
"812","OR482510.1",12500,"-",0,0,"CG","CGA"
"813","OR482510.1",12544,"+",1,1,"CG","CGC"
"814","OR482510.1",12545,"-",0,0,"CG","CGT"
"815","OR482510.1",12625,"+",0,1,"CG","CGC"
"816","OR482510.1",12626,"-",0,0,"CG","CGA"
"817","OR482510.1",12628,"+",0,1,"CG","CGC"
"818","OR482510.1",12629,"-",0,0,"CG","CGG"
"819","OR482510.1",12642,"+",0,1,"CG","CGG"
"820","OR482510.1",12643,"-",0,0,"CG","CGA"
"821","OR482510.1",12696,"+",0,2,"CG","CGG"
"822","OR482510.1",12697,"-",0,0,"CG","CGG"
"823","OR482510.1",12736,"+",0,1,"CG","CGG"
"824","OR482510.1",12737,"-",0,0,"CG","CGG"
"825","OR482510.1",12755,"+",0,1,"CG","CGA"
"826","OR482510.1",12756,"-",0,0,"CG","CGT"
"827","OR482510.1",12822,"+",0,1,"CG","CGA"
"828","OR482510.1",12823,"-",0,0,"CG","CGT"
"829","OR482510.1",12825,"+",0,1,"CG","CGC"
"830","OR482510.1",12826,"-",0,0,"CG","CGT"
"831","OR482510.1",12874,"+",0,0,"CG","CGT"
"832","OR482510.1",12875,"-",0,0,"CG","CGA"
"833","OR482510.1",12901,"+",0,0,"CG","CGG"
"834","OR482510.1",12902,"-",0,0,"CG","CGA"
"835","OR482510.1",13024,"+",0,0,"CG","CGA"
"836","OR482510.1",13025,"-",0,0,"CG","CGT"
"837","OR482510.1",13027,"+",0,0,"CG","CGA"
"838","OR482510.1",13028,"-",0,0,"CG","CGT"
"839","OR482510.1",13040,"+",0,0,"CG","CGG"
"840","OR482510.1",13041,"-",0,0,"CG","CGG"
"841","OR482510.1",13077,"+",0,0,"CG","CGT"
"842","OR482510.1",13078,"-",0,0,"CG","CGT"
"843","OR482510.1",13186,"+",0,0,"CG","CGC"
"844","OR482510.1",13187,"-",0,0,"CG","CGT"
"845","OR482510.1",13244,"+",0,0,"CG","CGC"
"846","OR482510.1",13245,"-",0,0,"CG","CGG"
"847","OR482510.1",13246,"+",0,0,"CG","CGT"
"848","OR482510.1",13247,"-",0,0,"CG","CGC"
"849","OR482510.1",13277,"+",0,0,"CG","CGA"
"850","OR482510.1",13278,"-",0,0,"CG","CGT"
"851","OR482510.1",13285,"+",0,0,"CG","CGC"
"852","OR482510.1",13286,"-",0,0,"CG","CGT"
"853","OR482510.1",13317,"+",0,0,"CG","CGG"
"854","OR482510.1",13318,"-",0,0,"CG","CGC"
"855","OR482510.1",13337,"+",0,0,"CG","CGA"
"856","OR482510.1",13338,"-",0,0,"CG","CGC"
"857","OR482510.1",13360,"+",0,0,"CG","CGC"
"858","OR482510.1",13361,"-",0,0,"CG","CGA"
"859","OR482510.1",13422,"+",0,0,"CG","CGT"
"860","OR482510.1",13423,"-",0,0,"CG","CGG"
"861","OR482510.1",13477,"+",0,0,"CG","CGA"
"862","OR482510.1",13478,"-",0,1,"CG","CGA"
"863","OR482510.1",13577,"+",0,0,"CG","CGA"
"864","OR482510.1",13578,"-",0,1,"CG","CGG"
"865","OR482510.1",13657,"+",0,0,"CG","CGG"
"866","OR482510.1",13658,"-",0,1,"CG","CGA"
"867","OR482510.1",13787,"+",0,0,"CG","CGT"
"868","OR482510.1",13788,"-",0,5,"CG","CGG"
"869","OR482510.1",13799,"+",0,0,"CG","CGA"
"870","OR482510.1",13800,"-",0,5,"CG","CGG"
"871","OR482510.1",13811,"+",0,0,"CG","CGA"
"872","OR482510.1",13812,"-",0,5,"CG","CGG"
"873","OR482510.1",13823,"+",0,0,"CG","CGA"
"874","OR482510.1",13824,"-",0,4,"CG","CGA"
"875","OR482510.1",13867,"+",0,0,"CG","CGC"
"876","OR482510.1",13868,"-",0,3,"CG","CGT"
"877","OR482510.1",13909,"+",0,0,"CG","CGC"
"878","OR482510.1",13910,"-",0,2,"CG","CGC"
"879","OR482510.1",13931,"+",0,0,"CG","CGC"
"880","OR482510.1",13932,"-",0,0,"CG","CGA"
"881","OR482510.1",13959,"+",0,0,"CG","CGG"
"882","OR482510.1",13960,"-",0,0,"CG","CGA"
"883","OR482510.1",13963,"+",0,0,"CG","CGG"
"884","OR482510.1",13964,"-",0,0,"CG","CGG"
"885","OR482510.1",14043,"+",0,0,"CG","CGC"
"886","OR482510.1",14044,"-",0,0,"CG","CGA"
"887","OR482510.1",14074,"+",0,0,"CG","CGG"
"888","OR482510.1",14075,"-",0,0,"CG","CGG"
"889","OR482510.1",14088,"+",0,0,"CG","CGG"
"890","OR482510.1",14089,"-",0,0,"CG","CGC"
"891","OR482510.1",14095,"+",0,0,"CG","CGC"
"892","OR482510.1",14096,"-",0,0,"CG","CGC"
"893","OR482510.1",14098,"+",0,0,"CG","CGC"
"894","OR482510.1",14099,"-",0,0,"CG","CGG"
"895","OR482510.1",14101,"+",0,0,"CG","CGA"
"896","OR482510.1",14102,"-",0,0,"CG","CGG"
"897","OR482510.1",14107,"+",0,0,"CG","CGC"
"898","OR482510.1",14108,"-",0,0,"CG","CGT"
"899","OR482510.1",14155,"+",0,0,"CG","CGA"
"900","OR482510.1",14156,"-",0,0,"CG","CGC"
"901","OR482510.1",14203,"+",0,0,"CG","CGC"
"902","OR482510.1",14204,"-",0,0,"CG","CGG"
"903","OR482510.1",14357,"+",0,0,"CG","CGT"
"904","OR482510.1",14358,"-",0,0,"CG","CGG"
"905","OR482510.1",14398,"+",0,0,"CG","CGA"
"906","OR482510.1",14399,"-",0,0,"CG","CGT"
"907","OR482510.1",14424,"+",0,0,"CG","CGC"
"908","OR482510.1",14425,"-",0,0,"CG","CGA"
"909","OR482510.1",14451,"+",0,0,"CG","CGC"
"910","OR482510.1",14452,"-",0,0,"CG","CGG"
"911","OR482510.1",14484,"+",0,0,"CG","CGG"
"912","OR482510.1",14485,"-",0,0,"CG","CGA"
"913","OR482510.1",14567,"+",0,0,"CG","CGG"
"914","OR482510.1",14568,"-",0,0,"CG","CGT"
"915","OR482510.1",14580,"+",0,0,"CG","CGT"
"916","OR482510.1",14581,"-",0,0,"CG","CGG"
"917","OR482510.1",14596,"+",0,0,"CG","CGA"
"918","OR482510.1",14597,"-",0,0,"CG","CGG"
"919","OR482510.1",14601,"+",0,0,"CG","CGT"
"920","OR482510.1",14602,"-",0,0,"CG","CGT"
"921","OR482510.1",14610,"+",0,0,"CG","CGG"
"922","OR482510.1",14611,"-",0,0,"CG","CGT"
"923","OR482510.1",14623,"+",0,0,"CG","CGA"
"924","OR482510.1",14624,"-",0,0,"CG","CGG"
"925","OR482510.1",14634,"+",0,0,"CG","CGC"
"926","OR482510.1",14635,"-",0,0,"CG","CGT"
"927","OR482510.1",14640,"+",0,0,"CG","CGG"
"928","OR482510.1",14641,"-",0,0,"CG","CGT"
"929","OR482510.1",14683,"+",0,0,"CG","CGC"
"930","OR482510.1",14684,"-",0,0,"CG","CGG"
"931","OR482510.1",14685,"+",0,0,"CG","CGG"
"932","OR482510.1",14686,"-",0,0,"CG","CGC"
"933","OR482510.1",14697,"+",0,0,"CG","CGG"
"934","OR482510.1",14698,"-",0,0,"CG","CGT"
"935","OR482510.1",14730,"+",0,0,"CG","CGG"
"936","OR482510.1",14731,"-",0,0,"CG","CGA"
"937","OR482510.1",14769,"+",0,0,"CG","CGT"
"938","OR482510.1",14770,"-",0,0,"CG","CGA"
"939","OR482510.1",14772,"+",0,0,"CG","CGG"
"940","OR482510.1",14773,"-",0,0,"CG","CGA"
"941","OR482510.1",14817,"+",0,0,"CG","CGT"
"942","OR482510.1",14818,"-",0,0,"CG","CGG"
"943","OR482510.1",14850,"+",0,0,"CG","CGT"
"944","OR482510.1",14851,"-",0,0,"CG","CGT"
"945","OR482510.1",14859,"+",0,0,"CG","CGC"
"946","OR482510.1",14860,"-",0,0,"CG","CGT"
"947","OR482510.1",14914,"+",0,0,"CG","CGA"
"948","OR482510.1",14915,"-",0,0,"CG","CGG"
"949","OR482510.1",14958,"+",0,0,"CG","CGC"
"950","OR482510.1",14959,"-",0,0,"CG","CGC"
"951","OR482510.1",15012,"+",0,0,"CG","CGG"
"952","OR482510.1",15013,"-",0,0,"CG","CGA"
"953","OR482510.1",15029,"+",0,0,"CG","CGG"
"954","OR482510.1",15030,"-",0,0,"CG","CGC"
"955","OR482510.1",15081,"+",0,0,"CG","CGC"
"956","OR482510.1",15082,"-",0,0,"CG","CGA"
"957","OR482510.1",15159,"+",0,0,"CG","CGC"
"958","OR482510.1",15160,"-",0,0,"CG","CGG"
"959","OR482510.1",15213,"+",0,0,"CG","CGC"
"960","OR482510.1",15214,"-",0,0,"CG","CGA"
"961","OR482510.1",15229,"+",0,0,"CG","CGA"
"962","OR482510.1",15230,"-",0,0,"CG","CGT"
"963","OR482510.1",15275,"+",0,0,"CG","CGA"
"964","OR482510.1",15276,"-",0,0,"CG","CGA"
"965","OR482510.1",15294,"+",0,0,"CG","CGT"
"966","OR482510.1",15295,"-",0,0,"CG","CGA"
"967","OR482510.1",15311,"+",0,0,"CG","CGT"
"968","OR482510.1",15312,"-",0,0,"CG","CGT"
"969","OR482510.1",15322,"+",0,0,"CG","CGA"
"970","OR482510.1",15323,"-",0,0,"CG","CGT"
"971","OR482510.1",15337,"+",0,0,"CG","CGA"
"972","OR482510.1",15338,"-",0,0,"CG","CGG"
"973","OR482510.1",15372,"+",0,0,"CG","CGC"
"974","OR482510.1",15373,"-",0,0,"CG","CGA"
"975","OR482510.1",15378,"+",0,0,"CG","CGT"
"976","OR482510.1",15379,"-",0,0,"CG","CGT"
"977","OR482510.1",15399,"+",0,1,"CG","CGG"
"978","OR482510.1",15400,"-",0,0,"CG","CGA"
"979","OR482510.1",15422,"+",0,1,"CG","CGT"
"980","OR482510.1",15423,"-",0,0,"CG","CGG"
"981","OR482510.1",15426,"+",0,1,"CG","CGT"
"982","OR482510.1",15427,"-",0,0,"CG","CGA"
"983","OR482510.1",15444,"+",0,1,"CG","CGC"
"984","OR482510.1",15445,"-",0,0,"CG","CGA"
"985","OR482510.1",15542,"+",0,0,"CG","CGT"
"986","OR482510.1",15543,"-",0,0,"CG","CGC"
"987","OR482510.1",15573,"+",0,0,"CG","CGG"
"988","OR482510.1",15574,"-",0,0,"CG","CGA"
"989","OR482510.1",15804,"+",0,10,"CG","CGA"
"990","OR482510.1",15805,"-",0,0,"CG","CGT"
"991","OR482510.1",15857,"+",0,12,"CG","CGA"
"992","OR482510.1",15858,"-",0,0,"CG","CGG"
"993","OR482510.1",15861,"+",6,6,"CG","CGA"
"994","OR482510.1",15862,"-",0,0,"CG","CGC"
"995","OR482510.1",15952,"+",0,4,"CG","CGA"
"996","OR482510.1",15953,"-",0,0,"CG","CGG"
"997","OR482510.1",15981,"+",0,2,"CG","CGG"
"998","OR482510.1",15982,"-",0,0,"CG","CGT"
"999","OR482510.1",16127,"+",0,1,"CG","CGG"
"1000","OR482510.1",16128,"-",0,0,"CG","CGC"
"1001","OR482510.1",16133,"+",0,1,"CG","CGG"
"1002","OR482510.1",16134,"-",0,0,"CG","CGC"
"1003","OR482510.1",16145,"+",0,1,"CG","CGA"
"1004","OR482510.1",16146,"-",0,0,"CG","CGG"
"1005","OR482510.1",16149,"+",0,1,"CG","CGT"
"1006","OR482510.1",16150,"-",0,0,"CG","CGC"
"1007","OR482510.1",16161,"+",0,1,"CG","CGG"
"1008","OR482510.1",16162,"-",0,0,"CG","CGA"
"1009","OR482510.1",16338,"+",0,0,"CG","CGG"
"1010","OR482510.1",16339,"-",0,0,"CG","CGA"
"1011","OR482510.1",16374,"+",0,0,"CG","CGC"
"1012","OR482510.1",16375,"-",0,0,"CG","CGA"
"1013","OR482510.1",16376,"+",0,0,"CG","CGT"
"1014","OR482510.1",16377,"-",0,0,"CG","CGC"
"1015","OR482510.1",16417,"+",0,0,"CG","CGC"
"1016","OR482510.1",16418,"-",0,0,"CG","CGT"
"1017","OR482510.1",16434,"+",0,0,"CG","CGG"
"1018","OR482510.1",16435,"-",0,0,"CG","CGG"
"1019","OR482510.1",16451,"+",0,0,"CG","CGA"
"1020","OR482510.1",16452,"-",0,0,"CG","CGA"
"1021","OR482510.1",16456,"+",0,0,"CG","CGT"
"1022","OR482510.1",16457,"-",0,0,"CG","CGA"
"1023","OR482510.1",16542,"+",0,0,"CG","CGA"
"1024","OR482510.1",16543,"-",0,0,"CG","CGC"
"1025","OR482510.1",16729,"+",0,0,"CG","CGG"
"1026","OR482510.1",16730,"-",0,0,"CG","CGG"
"1027","OR482510.1",16820,"+",0,0,"CG","CGA"
"1028","OR482510.1",16821,"-",0,0,"CG","CGC"
"1029","OR482510.1",17007,"+",0,0,"CG","CGG"
"1030","OR482510.1",17008,"-",0,0,"CG","CGG"
"1031","OR482510.1",17098,"+",0,0,"CG","CGA"
"1032","OR482510.1",17099,"-",0,0,"CG","CGC"
"1033","OR482510.1",17285,"+",0,0,"CG","CGG"
"1034","OR482510.1",17286,"-",0,0,"CG","CGG"
"1035","OR482510.1",17376,"+",0,0,"CG","CGA"
"1036","OR482510.1",17377,"-",0,0,"CG","CGC"
"1037","OR482510.1",17563,"+",0,0,"CG","CGG"
"1038","OR482510.1",17564,"-",0,0,"CG","CGG"
