"chrom","context","reads","av_meth"
"OR482510.1","CHG",199,1.78048780487805
"OR482510.1","CHH",1281,3.56531049250535
"OR482510.1","CpG",174,3.08823529411765
"genome_hic_scaffold_10_RagTag","CHG",1536336,3.73783173144989
"genome_hic_scaffold_10_RagTag","CHH",4657285,3.59032758101611
"genome_hic_scaffold_11_RagTag","CHG",1327076,3.80839711510156
"genome_hic_scaffold_11_RagTag","CHH",4064864,3.63093552659834
"genome_hic_scaffold_12_RagTag","CHG",1529467,3.60633869966854
"genome_hic_scaffold_12_RagTag","CHH",4674969,3.55829995880095
"genome_hic_scaffold_13_RagTag","CHG",1386159,3.77804244948534
"genome_hic_scaffold_13_RagTag","CHH",4215585,3.67569191525631
"genome_hic_scaffold_14_RagTag","CHG",1373739,3.7706797944644
"genome_hic_scaffold_14_RagTag","CHH",4212044,3.62193788470418
"genome_hic_scaffold_15_RagTag","CHG",1432565,3.72091204136444
"genome_hic_scaffold_15_RagTag","CHH",4399751,3.5907397007032
"genome_hic_scaffold_16_RagTag","CHG",995495,3.93021373913784
"genome_hic_scaffold_16_RagTag","CHH",3036605,3.71432208202787
"genome_hic_scaffold_17_RagTag","CHG",1235280,3.85999799566144
"genome_hic_scaffold_17_RagTag","CHH",3794693,3.73891545399186
"genome_hic_scaffold_18_RagTag","CHG",1184971,3.92165633684037
"genome_hic_scaffold_18_RagTag","CHH",3620431,3.73025579333068
"genome_hic_scaffold_19_RagTag","CHG",1503829,3.71760885169409
"genome_hic_scaffold_19_RagTag","CHH",4588721,3.56888701023092
"genome_hic_scaffold_1_RagTag","CHG",1846572,3.77523507736423
"genome_hic_scaffold_1_RagTag","CHH",5571554,3.61776045069943
"genome_hic_scaffold_20_RagTag","CHG",1412128,3.72193398588664
"genome_hic_scaffold_20_RagTag","CHH",4336350,3.58656566415765
"genome_hic_scaffold_21_RagTag","CHG",1115198,3.7459144940393
"genome_hic_scaffold_21_RagTag","CHH",3445693,3.58561541763037
"genome_hic_scaffold_22_RagTag","CHG",1235488,3.80507568257539
"genome_hic_scaffold_22_RagTag","CHH",3794910,3.65068442279742
"genome_hic_scaffold_23_RagTag","CHG",973706,3.84406513287095
"genome_hic_scaffold_23_RagTag","CHH",3066777,3.71081296476315
"genome_hic_scaffold_24_RagTag","CHG",714486,4.08619498699439
"genome_hic_scaffold_24_RagTag","CHH",2178077,3.85383372982279
"genome_hic_scaffold_2_RagTag","CHG",1812239,3.69401642165998
"genome_hic_scaffold_2_RagTag","CHH",5581311,3.59198486735111
"genome_hic_scaffold_3_RagTag","CHG",1491145,3.65624582992912
"genome_hic_scaffold_3_RagTag","CHH",4574186,3.55758415553164
"genome_hic_scaffold_4_RagTag","CHG",1364254,3.67254971017544
"genome_hic_scaffold_4_RagTag","CHH",4144722,3.54707360660361
"genome_hic_scaffold_5_RagTag","CHG",1720313,3.72357529687234
"genome_hic_scaffold_5_RagTag","CHH",5287625,3.60054536311194
"genome_hic_scaffold_6_RagTag","CHG",1668194,3.72207580200142
"genome_hic_scaffold_6_RagTag","CHH",5110289,3.62455963637419
"genome_hic_scaffold_7_RagTag","CHG",1462443,3.79478415594418
"genome_hic_scaffold_7_RagTag","CHH",4454693,3.63576473967951
"genome_hic_scaffold_8_RagTag","CHG",1578284,3.66049405306496
"genome_hic_scaffold_8_RagTag","CHH",4793803,3.55587983802961
"genome_hic_scaffold_9_RagTag","CHG",1645505,3.71730754803093
"genome_hic_scaffold_9_RagTag","CHH",4972047,3.58853948193762
"phage_lambda","CHG",2140,3.82416984213391
"phage_lambda","CHH",3962,4.70206401435836
"phage_lambda","CpG",2052,3.44590726960504
"plasmid_puc19c","CHG",210,6.56363636363636
"plasmid_puc19c","CHH",515,3.11898734177215
"plasmid_puc19c","CpG",240,96.6850828729282
"ptg000052l","CpG",289,57.6068376068376
"ptg000052l_RagTag","CHG",253,11.2197802197802
"ptg000052l_RagTag","CHH",504,12.0384615384615
"ptg000056l","CpG",4322,86.8461775585697
"ptg000056l_RagTag","CHG",12549,6.80647256196558
"ptg000056l_RagTag","CHH",21629,7.42400240024002
"ptg000058l","CpG",1710,85.5949090909091
"ptg000058l_RagTag","CHG",3414,6.61086474501109
"ptg000058l_RagTag","CHH",6408,6.81045025013897
"ptg000064l","CpG",89,71.8524590163934
"ptg000064l_RagTag","CHG",246,6.86274509803922
"ptg000064l_RagTag","CHH",868,7.198127925117
"ptg000065l","CpG",32,93.75
"ptg000065l_RagTag","CHG",17,64.7058823529412
"ptg000065l_RagTag","CHH",33,51.5151515151515
"ptg000067l","CpG",39,66.6666666666667
"ptg000067l_RagTag","CHG",218,2.83018867924528
"ptg000067l_RagTag","CHH",470,7.75862068965517
"ptg000071l","CpG",3758,84.7887130075705
"ptg000071l_RagTag","CHG",6118,5.87663031858029
"ptg000071l_RagTag","CHH",13075,5.12644230769231
"ptg000106l","CpG",384,82.0060975609756
"ptg000106l_RagTag","CHG",487,3.07125307125307
"ptg000106l_RagTag","CHH",1103,4.9097510373444
"ptg000117l","CpG",244,74.3246073298429
"ptg000117l_RagTag","CHG",157,15.4296296296296
"ptg000117l_RagTag","CHH",443,5.25214899713467
"ptg000118l","CpG",53,79.2452830188679
"ptg000118l_RagTag","CHG",29,6.89655172413793
"ptg000118l_RagTag","CHH",66,12.1212121212121
"ptg000121l","CpG",2584,81.6943753111
"ptg000121l_RagTag","CHG",5640,4.70194862710363
"ptg000121l_RagTag","CHH",9859,5.26688344172086
"ptg000131l","CpG",2658,84.7081158044613
"ptg000131l_RagTag","CHG",5194,4.83449101796407
"ptg000131l_RagTag","CHH",12337,4.88979187314172
"ptg000133l","CpG",160,64.3410852713178
"ptg000133l_RagTag","CHG",388,6.84357541899441
"ptg000133l_RagTag","CHH",817,9.60490463215259
"ptg000137l","CpG",296,75.4851851851852
"ptg000137l_RagTag","CHG",845,5.12143928035982
"ptg000137l_RagTag","CHH",1671,5.76142857142857
"ptg000139l","CpG",55,74.2285714285714
"ptg000139l_RagTag","CHG",111,13.9876543209877
"ptg000139l_RagTag","CHH",289,8.39086294416244
"ptg000143l","CpG",334,85.6808510638298
"ptg000143l_RagTag","CHG",614,6.89981096408318
"ptg000143l_RagTag","CHH",1220,6.38654618473896
"ptg000146l","CpG",44,55.5555555555556
"ptg000146l_RagTag","CHG",43,10.8108108108108
"ptg000146l_RagTag","CHH",229,6.95187165775401
"ptg000147l","CpG",69,52.2727272727273
"ptg000147l_RagTag","CHG",97,17.2571428571429
"ptg000147l_RagTag","CHH",325,10.8196721311475
"ptg000152l","CpG",1,0
"ptg000152l_RagTag","CHG",4,0
"ptg000152l_RagTag","CHH",25,0
"ptg000156l","CpG",9,22.2222222222222
"ptg000156l_RagTag","CHG",14,0
"ptg000156l_RagTag","CHH",64,0
"ptg000157l","CpG",184,50.9090909090909
"ptg000157l_RagTag","CHG",425,2.89473684210526
"ptg000157l_RagTag","CHH",1127,3.89676113360324
"ptg000158l","CpG",135,86.5211267605634
"ptg000158l_RagTag","CHG",94,35.6938775510204
"ptg000158l_RagTag","CHH",196,23.0505050505051
"ptg000161l","CpG",616,82.976653696498
"ptg000161l_RagTag","CHG",1572,8.08295350957156
"ptg000161l_RagTag","CHH",2072,5.99162178336326
"ptg000164l","CpG",110,72.4166666666667
"ptg000164l_RagTag","CHG",81,16.0545454545455
"ptg000164l_RagTag","CHH",380,6.77880184331797
"ptg000165l","CpG",654,80.4029574861368
"ptg000165l_RagTag","CHG",1576,5.5765391014975
"ptg000165l_RagTag","CHH",2427,7.09637939826619
"ptg000168l","CpG",3,0
"ptg000168l_RagTag","CHG",6,0
"ptg000168l_RagTag","CHH",16,0
"ptg000173l","CpG",30,93.3333333333333
"ptg000173l_RagTag","CHG",14,57.1428571428571
"ptg000173l_RagTag","CHH",33,15.1515151515152
"ptg000175l","CpG",409,73.0235294117647
"ptg000175l_RagTag","CHG",167,27.8974358974359
"ptg000175l_RagTag","CHH",324,16.6619718309859
"ptg000176l","CpG",1617,88.4590570719603
"ptg000176l_RagTag","CHG",3023,4.24529951902055
"ptg000176l_RagTag","CHH",5387,4.97304582210243
"ptg000179l","CpG",132,93.1818181818182
"ptg000179l_RagTag","CHG",77,22.0779220779221
"ptg000179l_RagTag","CHH",162,4.93827160493827
"ptg000180l","CpG",2,100
"ptg000180l_RagTag","CHG",99,0
"ptg000180l_RagTag","CHH",83,3.17460317460317
"ptg000181l_RagTag","CHG",47,3.84615384615385
"ptg000181l_RagTag","CHH",115,7.36842105263158
"ptg000184l","CpG",281,50.1538461538462
"ptg000184l_RagTag","CHG",534,4.71938775510204
"ptg000184l_RagTag","CHH",1536,5.27611940298507
"ptg000189l","CpG",41,71.0666666666667
"ptg000189l_RagTag","CHG",32,4.54545454545455
"ptg000189l_RagTag","CHH",96,6.41025641025641
"ptg000192l","CpG",27,85.7894736842105
"ptg000192l_RagTag","CHG",242,2.70652173913043
"ptg000192l_RagTag","CHH",564,9.03669724770642
"ptg000195l","CpG",130,77.9166666666667
"ptg000195l_RagTag","CHG",176,4.43037974683544
"ptg000195l_RagTag","CHH",844,3.7037037037037
"ptg000196l","CpG",132,66
"ptg000196l_RagTag","CHG",146,2.56153846153846
"ptg000196l_RagTag","CHH",612,5.78989898989899
"ptg000199l","CpG",148,60.9915966386555
"ptg000199l_RagTag","CHG",435,2.34604105571848
"ptg000199l_RagTag","CHH",812,4.2953125
"ptg000206l","CpG",250,87.959595959596
"ptg000206l_RagTag","CHG",262,12.3592233009709
"ptg000206l_RagTag","CHH",807,2.04755614266843
"ptg000213l","CpG",8,25
"ptg000213l_RagTag","CHG",6,16.6666666666667
"ptg000213l_RagTag","CHH",17,0
"ptg000215l","CpG",13,61.5384615384615
"ptg000215l_RagTag","CHG",36,0
"ptg000215l_RagTag","CHH",212,0
"ptg000219l","CpG",108,76.1764705882353
"ptg000219l_RagTag","CHG",352,3.07920792079208
"ptg000219l_RagTag","CHH",659,7.84875444839858
"ptg000220l","CpG",11,100
"ptg000220l_RagTag","CHG",5,0
"ptg000220l_RagTag","CHH",31,0
"ptg000222l","CpG",13,55.5555555555556
"ptg000222l_RagTag","CHG",24,2.94117647058824
"ptg000222l_RagTag","CHH",104,11.7647058823529
"ptg000223l","CpG",7,71.4285714285714
"ptg000223l_RagTag","CHG",13,0
"ptg000223l_RagTag","CHH",42,0
"ptg000224l","CpG",293,85.4306930693069
"ptg000224l_RagTag","CHG",509,29.7945205479452
"ptg000224l_RagTag","CHH",963,31.9896774193548
"scaffold_1","CpG",902890,77.4853366383469
"scaffold_10","CpG",754688,76.770290459285
"scaffold_11","CpG",680724,76.8882414286584
"scaffold_12","CpG",707330,76.4791756370252
"scaffold_13","CpG",692598,76.2588126002871
"scaffold_14","CpG",678543,76.9722109463558
"scaffold_15","CpG",699128,77.2073767469609
"scaffold_16","CpG",537569,77.6755229813426
"scaffold_17","CpG",620048,77.0527830611578
"scaffold_18","CpG",616823,77.9505269733369
"scaffold_19","CpG",715758,76.4946908239015
"scaffold_2","CpG",853603,77.6957697205851
"scaffold_20","CpG",675626,77.1886942522567
"scaffold_21","CpG",558155,77.1575727283666
"scaffold_22","CpG",637993,77.3082642416666
"scaffold_23","CpG",516100,77.3964094280235
"scaffold_24","CpG",401277,78.1832874493927
"scaffold_3","CpG",726811,76.1939898093792
"scaffold_4","CpG",658760,76.6802980583559
"scaffold_5","CpG",839888,77.5135106815744
"scaffold_6","CpG",811797,77.6588254491875
"scaffold_7","CpG",713112,76.8837894191023
"scaffold_8","CpG",722746,76.0300504825273
"scaffold_9","CpG",788096,76.9940084973981
